query,suggestion,category,group,completion
why are boomers so,why are there so many baby boomers,Age,boomers,why are there so many baby boomers
why are boomers so,why are boomers so entitled,Age,boomers,entitled
why are boomers so,why are boomers still working,Age,boomers,why are boomers still working
why are boomers so,what do boomers want,Age,boomers,what do boomers want
why are boomers so,what are boomers known for,Age,boomers,what are boomers known for
why are boomers so,what are the boomers,Age,boomers,what are the boomers
why are boomers so,why baby boomers are the issue,Age,boomers,why baby boomers are the issue
why are children so,why are children so annoying,Age,children,annoying
why are children so,why are children so cute,Age,children,cute
why are children so,why are children so noisy,Age,children,noisy
why are children so,why are children so curious,Age,children,curious
why are children so,why are children so expensive,Age,children,expensive
why are children so,why are children so resilient,Age,children,resilient
why are children so,why are children so mean,Age,children,mean
why are children so,why are children so loud,Age,children,loud
why are kids so,why are kids so annoying,Age,kids,annoying
why are kids so,why are kids so loud,Age,kids,loud
why are kids so,why are kids so mean,Age,kids,mean
why are kids so,why are kids so cute,Age,kids,cute
why are kids so,why are kids so rude,Age,kids,rude
why are kids so,why are kids so weird,Age,kids,weird
why are kids so,why are kids so different today,Age,kids,different today
why are kids so,why are kids so fat,Age,kids,fat
why are millennials so,why are millennials so sensitive,Age,millennials,sensitive
why are millennials so,why are millennials so nostalgic,Age,millennials,nostalgic
why are millennials so,why are millennials so google feud answers,Age,millennials,google feud answers
why are millennials so,why are millennials so difficult to manage,Age,millennials,difficult to manage
why are millennials so,why are millennials so depressed,Age,millennials,depressed
why are millennials so,why are millennials so self absorbed,Age,millennials,self absorbed
why are millennials so,why are millennials so unhappy at work,Age,millennials,unhappy at work
why are millennials so,why are millennials so unhappy,Age,millennials,unhappy
why are old men so,why are old men so irritable,Age,old men,irritable
why are old men so,why are old men so strong,Age,old men,strong
why are old men so,why do i like old men,Age,old men,why do i like old men
why are old men so,why do old men like me,Age,old men,why do old men like me
why are old men so,why do younger men like older men,Age,old men,why do younger men like older men
why are old men so,why do i like older men,Age,old men,why do i like older men
why are old people so,why are old people so entitled,Age,old people,entitled
why are old people so,why are old people so stubborn,Age,old people,stubborn
why are old people so,why are old people so cute,Age,old people,cute
why are old people so,why are old people so difficult,Age,old people,difficult
why are old people so,why are old people so nosey,Age,old people,nosey
why are old people so,why are old people so strong,Age,old people,strong
why are old people so,why are old people so cranky,Age,old people,cranky
why are old people so,why are old people so cold,Age,old people,cold
why are old women so,why am i into older women,Age,old women,why am i into older women
why are old women so,why i like older women,Age,old women,why i like older women
why are old women so,why young women like old men,Age,old women,why young women like old men
why are teenagers so,why are teenagers so angry,Age,teenagers,angry
why are teenagers so,why are teenagers so skinny,Age,teenagers,skinny
why are teenagers so,why are teenagers so moody,Age,teenagers,moody
why are teenagers so,why are teenagers so sad,Age,teenagers,sad
why are teenagers so,why are teenagers so chaotic,Age,teenagers,chaotic
why are teenagers so,why are teenagers so annoying,Age,teenagers,annoying
why are teenagers so,why are teenagers so tired,Age,teenagers,tired
why are teenagers so,why are teenagers so sleepy,Age,teenagers,sleepy
why are girls so,why are girls so cute,Gender,girls,cute
why are girls so,why are girls so emotional,Gender,girls,emotional
why are girls so,why are girls so pretty,Gender,girls,pretty
why are girls so,why are girls so beautiful,Gender,girls,beautiful
why are girls so,why are girls so adorable,Gender,girls,adorable
why are girls so,why are girls so tall,Gender,girls,tall
why are girls so,why are girls so nice,Gender,girls,nice
why are girls so,why are girls so happy,Gender,girls,happy
why are women so,why some women cross the finish line reading,Gender,women,why some women cross the finish line reading
why are women so,why some women cross,Gender,women,why some women cross
why are men so,why are men so lonely,Gender,men,lonely
why are men so,why are men so sensitive,Gender,men,sensitive
why are men so,why are men so emotional,Gender,men,emotional
why are men so,why are men so distant,Gender,men,distant
why are men so,why are men so attractive,Gender,men,attractive
why are men so,why are men so visually stimulated,Gender,men,visually stimulated
why are men so,why are men so cute,Gender,men,cute
why are men so,why are men so desperate for relationships,Gender,men,desperate for relationships
why are females so,why are females so cute,Gender,females,cute
why are females so,why are females so emotional during period,Gender,females,emotional during period
why are females so,why are females shorter than males,Gender,females,why are females shorter than males
why are females so,why are females more stressed than males,Gender,females,why are females more stressed than males
why are females so,why are females more likely to get uti,Gender,females,why are females more likely to get uti
why are females so,why are females more flexible than males,Gender,females,why are females more flexible than males
why are females so,why are females more prone to osteoporosis,Gender,females,why are females more prone to osteoporosis
why are females so,why are females scared of reporting violence,Gender,females,why are females scared of reporting violence
why are males so,why are males shorter than females in episode,Gender,males,why are males shorter than females in episode
why are males so,why are so many american males circumcised,Gender,males,why are so many american males circumcised
why are males so,why do men come,Gender,males,why do men come
why are males so,why do i have so man,Gender,males,why do i have so man
why are males so,why are men the way they are,Gender,males,why are men the way they are
why are males so,why do men exist,Gender,males,why do men exist
why are males so,why are men like that,Gender,males,why are men like that
why are males so,why are men so mean to me,Gender,males,why are men so mean to me
why are boys so,why are boys so cute,Gender,boys,cute
why are boys so,why are boys so ugh,Gender,boys,ugh
why are boys so,why are boys so rude to me,Gender,boys,rude to me
why are boys so,why are boys so overprotective,Gender,boys,overprotective
why are boys so,why are boys so sus,Gender,boys,sus
why are boys so,why are boys socks hard,Gender,boys,cks hard
why are boys so,why are boys socks stiff,Gender,boys,cks stiff
why are boys so,why are boys socks crusty,Gender,boys,cks crusty
why are boyfriends so,why are boyfriends so protective,Gender,boyfriends,protective
why are boyfriends so,why is my boyfriend so mean,Gender,boyfriends,why is my boyfriend so mean
why are boyfriends so,why do i want a boyfriend,Gender,boyfriends,why do i want a boyfriend
why are boyfriends so,why do you need a boyfriend,Gender,boyfriends,why do you need a boyfriend
why are boyfriends so,what makes a boyfriend,Gender,boyfriends,what makes a boyfriend
why are boyfriends so,why is my boyfriend mean,Gender,boyfriends,why is my boyfriend mean
why are boyfriends so,why do i always want a boyfriend,Gender,boyfriends,why do i always want a boyfriend
why are boyfriends so,reasons why my boyfriend is the best,Gender,boyfriends,reasons why my boyfriend is the best
why are girlfriends so,why is my girlfriend so mean,Gender,girlfriends,why is my girlfriend so mean
why are girlfriends so,why girlfriends are important,Gender,girlfriends,why girlfriends are important
why are girlfriends so,why should i have a girlfriend,Gender,girlfriends,why should i have a girlfriend
why are girlfriends so,why do i want a girlfriend,Gender,girlfriends,why do i want a girlfriend
why are girlfriends so,why should i get a girlfriend,Gender,girlfriends,why should i get a girlfriend
why are girlfriends so,why i want a girlfriend,Gender,girlfriends,why i want a girlfriend
why are girlfriends so,why do i need a girlfriend,Gender,girlfriends,why do i need a girlfriend
why are girlfriends so,why do you need a girlfriend,Gender,girlfriends,why do you need a girlfriend
why are stepmothers so,role of a stepmother,Gender,stepmothers,role of a stepmother
why are stepmothers so,what is a stepmother,Gender,stepmothers,what is a stepmother
why are stepmothers so,why is my stepmom so mean,Gender,stepmothers,why is my stepmom so mean
why are stepmothers so,the stepmother is most likely motivated by,Gender,stepmothers,the stepmother is most likely motivated by
why are stepmothers so,what is the role of a stepmom,Gender,stepmothers,what is the role of a stepmom
why are stepmothers so,stepmother role in parenting,Gender,stepmothers,stepmother role in parenting
why are stepmothers so,what is the definition of a stepmother,Gender,stepmothers,what is the definition of a stepmother
why are stepmothers so,who is a step mother,Gender,stepmothers,who is a step mother
why are stepfathers so,what is the role of a stepfather,Gender,stepfathers,what is the role of a stepfather
why are stepfathers so,role of a stepfather,Gender,stepfathers,role of a stepfather
why are stepfathers so,why are step dads so mean,Gender,stepfathers,why are step dads so mean
why are stepfathers so,what is a stepfather,Gender,stepfathers,what is a stepfather
why are stepfathers so,stepfather role with children,Gender,stepfathers,stepfather role with children
why are stepfathers so,being a good stepfather,Gender,stepfathers,being a good stepfather
why are stepfathers so,stepfather or step father,Gender,stepfathers,stepfather or step father
why are stepfathers so,how to be a good stepfather,Gender,stepfathers,how to be a good stepfather
why are ladies so,ladies are important because,Gender,ladies,ladies are important because
why are ladies so,why do ladies go first,Gender,ladies,why do ladies go first
why are ladies so,why is it ladies first,Gender,ladies,why is it ladies first
why are ladies so,why was ladies first invented,Gender,ladies,why was ladies first invented
why are gentlemen so,what makes a gentleman,Gender,gentlemen,what makes a gentleman
why are gentlemen so,what makes someone a gentleman,Gender,gentlemen,what makes someone a gentleman
why are gentlemen so,what do gentlemen do,Gender,gentlemen,what do gentlemen do
why are gentlemen so,what makes a true gentleman,Gender,gentlemen,what makes a true gentleman
why are gentlemen so,what is the gentlemen about,Gender,gentlemen,what is the gentlemen about
why are gentlemen so,how do gentlemen do it,Gender,gentlemen,how do gentlemen do it
why are gentlemen so,what makes a man a gentleman,Gender,gentlemen,what makes a man a gentleman
why are gentlemen so,do women like gentlemen,Gender,gentlemen,do women like gentlemen
why are brothers so,why are brothers so mean to sisters,Gender,brothers,mean to sisters
why are brothers so,why are brothers so packed,Gender,brothers,packed
why are brothers so,why are brothers so overprotective,Gender,brothers,overprotective
why are brothers so,why are brothers so mean to their sisters,Gender,brothers,mean to their sisters
why are brothers so,why do i have a brother,Gender,brothers,why do i have a brother
why are brothers so,what are brothers for,Gender,brothers,what are brothers for
why are brothers so,why is my brother so,Gender,brothers,why is my brother so
why are brothers so,why are little brothers so mean,Gender,brothers,why are little brothers so mean
why are sisters so,why are sisters so bossy,Gender,sisters,bossy
why are sisters so,why are sisters so annoying,Gender,sisters,annoying
why are sisters so,why are sisters so mean,Gender,sisters,mean
why are sisters so,why are sisters so mean to brothers,Gender,sisters,mean to brothers
why are sisters so,why are sisters so close,Gender,sisters,close
why are sisters so,why are sisters so mean to each other,Gender,sisters,mean to each other
why are sisters so,why are my sisters so mean,Gender,sisters,why are my sisters so mean
why are sisters so,why big sisters are so mean,Gender,sisters,why big sisters are so mean
why are mothers so,why are mothers so angry,Gender,mothers,angry
why are mothers so,why are mothers so strict,Gender,mothers,strict
why are mothers so,why are mothers so important,Gender,mothers,important
why are mothers so,why are mothers so dramatic reddit,Gender,mothers,dramatic reddit
why are mothers so,why are mothers so special,Gender,mothers,special
why are mothers so,why are mothers so protective,Gender,mothers,protective
why are mothers so,why are mothers so protective of their sons,Gender,mothers,protective of their sons
why are mothers so,why is my mother so mean,Gender,mothers,why is my mother so mean
why are fathers so,why are fathers so important,Gender,fathers,important
why are fathers so,why are fathers so overprotective,Gender,fathers,overprotective
why are fathers so,why are father son relationships important,Gender,fathers,why are father son relationships important
why are fathers so,why are fathers strict,Gender,fathers,why are fathers strict
why are fathers so,why are fathers overprotective of daughters,Gender,fathers,why are fathers overprotective of daughters
why are fathers so,why are fathers honored on fathers day,Gender,fathers,why are fathers honored on fathers day
why are fathers so,reasons why fathers are important,Gender,fathers,reasons why fathers are important
why are fathers so,why do fathers matter,Gender,fathers,why do fathers matter
why are grandfathers so,the role of a grandfather,Gender,grandfathers,the role of a grandfather
why are grandfathers so,what is the role of a grandfather,Gender,grandfathers,what is the role of a grandfather
why are grandfathers so,relationship if grandfathers are brothers,Gender,grandfathers,relationship if grandfathers are brothers
why are grandfathers so,great grandfathers are brothers,Gender,grandfathers,great grandfathers are brothers
why are grandfathers so,what is the grandfather,Gender,grandfathers,what is the grandfather
why are grandfathers so,is that your grandfather,Gender,grandfathers,is that your grandfather
why are grandfathers so,why are my grandparents so mean,Gender,grandfathers,why are my grandparents so mean
why are grandfathers so,why are grandparents so mean,Gender,grandfathers,why are grandparents so mean
why are grandmothers so,why grandmothers are so important,Gender,grandmothers,why grandmothers are so important
why are grandmothers so,the importance of grandmothers,Gender,grandmothers,the importance of grandmothers
why are grandmothers so,why is my grandma so mean,Gender,grandmothers,why is my grandma so mean
why are grandmothers so,why are my grandparents so mean,Gender,grandmothers,why are my grandparents so mean
why are grandmothers so,why are grandparents so mean,Gender,grandmothers,why are grandparents so mean
why are grandmothers so,why grandmas are so important,Gender,grandmothers,why grandmas are so important
why are grandmothers so,why is my grandma so nice,Gender,grandmothers,why is my grandma so nice
why are grandmothers so,why are grandmas so nice,Gender,grandmothers,why are grandmas so nice
why are wives so,why are wives so bossy,Gender,wives,bossy
why are wives so,why are waves so big in nazare portugal,Gender,wives,why are waves so big in nazare portugal
why are wives so,why are waves so big in nazare,Gender,wives,why are waves so big in nazare
why are wives so,why are waves so big in portugal,Gender,wives,why are waves so big in portugal
why are wives so,why did solomon have so many wives,Gender,wives,why did solomon have so many wives
why are wives so,why so many wives are running away,Gender,wives,why so many wives are running away
why are wives so,why is my wife so,Gender,wives,why is my wife so
why are wives so,why are wives always right,Gender,wives,why are wives always right
why are husbands so,why are husbands older than wives,Gender,husbands,why are husbands older than wives
why are husbands so,why is my husband so mean,Gender,husbands,why is my husband so mean
why are husbands so,why i want a husband,Gender,husbands,why i want a husband
why are husbands so,why my husband is mean,Gender,husbands,why my husband is mean
why are husbands so,why i married my husband,Gender,husbands,why i married my husband
why are husbands so,why is my husband so amazing,Gender,husbands,why is my husband so amazing
why are husbands so,reasons why you love your husband,Gender,husbands,reasons why you love your husband
why are husbands so,why do i love my husband,Gender,husbands,why do i love my husband
why are schoolgirls so,why are high school girls so mean,Gender,schoolgirls,why are high school girls so mean
why are schoolgirls so,why do all girls schools exist,Gender,schoolgirls,why do all girls schools exist
why are schoolgirls so,why choose a girls school,Gender,schoolgirls,why choose a girls school
why are schoolgirls so,why should girls go to school,Gender,schoolgirls,why should girls go to school
why are schoolgirls so,why all girls schools are good,Gender,schoolgirls,why all girls schools are good
why are schoolgirls so,why are girls doing better at school,Gender,schoolgirls,why are girls doing better at school
why are schoolgirls so,why are middle school girls so mean,Gender,schoolgirls,why are middle school girls so mean
why are schoolgirls so,schoolgirl or school girl,Gender,schoolgirls,schoolgirl or school girl
why are schoolboys so,why is schoolboy so strong,Gender,schoolboys,why is schoolboy so strong
why are schoolboys so,how is schoolboy so strong,Gender,schoolboys,how is schoolboy so strong
why are schoolboys so,what is a schoolboy,Gender,schoolboys,what is a schoolboy
why are schoolboys so,why are boys doing badly at school,Gender,schoolboys,why are boys doing badly at school
why are schoolboys so,the schoolboys story summary,Gender,schoolboys,the schoolboys story summary
why are schoolboys so,the school boy explanation,Gender,schoolboys,the school boy explanation
why are schoolboys so,why are boys failing school,Gender,schoolboys,why are boys failing school
why are schoolboys so,boys according to schools,Gender,schoolboys,boys according to schools
why are transgenders so,why am i transgender,Gender,transgenders,why am i transgender
why are transgenders so,why would someone want to be transgender,Gender,transgenders,why would someone want to be transgender
why are transgenders so,what makes a transgender,Gender,transgenders,what makes a transgender
why are feminists so,why i am a feminist,Lifestyle,feminists,why i am a feminist
why are feminists so,what makes a feminist,Lifestyle,feminists,what makes a feminist
why are feminists so,why is feminism so important,Lifestyle,feminists,why is feminism so important
why are feminists so,what makes you a feminist,Lifestyle,feminists,what makes you a feminist
why are feminists so,what do feminists want,Lifestyle,feminists,what do feminists want
why are feminists so,what makes someone a feminist,Lifestyle,feminists,what makes someone a feminist
why are geeks so,why are greeks so beautiful,Lifestyle,geeks,why are greeks so beautiful
why are geeks so,why are genes so important,Lifestyle,geeks,why are genes so important
why are geeks so,about geeks for geeks,Lifestyle,geeks,about geeks for geeks
why are geeks so,what makes a geek,Lifestyle,geeks,what makes a geek
why are geeks so,what do geeks like,Lifestyle,geeks,what do geeks like
why are geeks so,what makes someone a geek,Lifestyle,geeks,what makes someone a geek
why are geeks so,is geeks for geeks good,Lifestyle,geeks,is geeks for geeks good
why are geeks so,geeks for geeks reasoning,Lifestyle,geeks,geeks for geeks reasoning
why are goths so,why are cats so cute,Lifestyle,goths,why are cats so cute
why are goths so,why are people goth,Lifestyle,goths,why are people goth
why are goths so,why do people go goth,Lifestyle,goths,why do people go goth
why are goths so,what do goths believe,Lifestyle,goths,what do goths believe
why are goths so,why do people like goth,Lifestyle,goths,why do people like goth
why are goths so,what are goths beliefs,Lifestyle,goths,what are goths beliefs
why are goths so,what is special about goths,Lifestyle,goths,what is special about goths
why are goths so,what do goths do,Lifestyle,goths,what do goths do
why are hippies so,why are hippies considered a counterculture,Lifestyle,hippies,why are hippies considered a counterculture
why are hippies so,why did hippies start,Lifestyle,hippies,why did hippies start
why are hippies so,what are facts about hippies,Lifestyle,hippies,what are facts about hippies
why are hippies so,what do hippies do,Lifestyle,hippies,what do hippies do
why are hippies so,how were hippies perceived,Lifestyle,hippies,how were hippies perceived
why are hippies so,what do hippies believe in,Lifestyle,hippies,what do hippies believe in
why are hippies so,what did hippies believe,Lifestyle,hippies,what did hippies believe
why are hippies so,things associated with hippies,Lifestyle,hippies,things associated with hippies
why are hipsters so,what do hipsters do,Lifestyle,hipsters,what do hipsters do
why are hipsters so,what makes a hipster,Lifestyle,hipsters,what makes a hipster
why are hipsters so,what is a hipsters,Lifestyle,hipsters,what is a hipsters
why are hipsters so,what do hipsters like,Lifestyle,hipsters,what do hipsters like
why are hipsters so,que hacen los hipsters,Lifestyle,hipsters,que hacen los hipsters
why are hipsters so,are hipsters still a thing,Lifestyle,hipsters,are hipsters still a thing
why are hipsters so,modern day hipsters are an example of,Lifestyle,hipsters,modern day hipsters are an example of
why are hipsters so,what is a hipsters mean,Lifestyle,hipsters,what is a hipsters mean
why are nerds so,why are nerds socially awkward,Lifestyle,nerds,cially awkward
why are nerds so,why are nerds so good,Lifestyle,nerds,good
why are nerds so,why are nerds so successful,Lifestyle,nerds,successful
why are nerds so,what are nerds associated with,Lifestyle,nerds,what are nerds associated with
why are nerds so,why nerds are bad,Lifestyle,nerds,why nerds are bad
why are nerds so,why do people make fun of nerds,Lifestyle,nerds,why do people make fun of nerds
why are nerds so,why am i a nerd,Lifestyle,nerds,why am i a nerd
why are nerds so,why are nerds smart,Lifestyle,nerds,why are nerds smart
why are punks so,why are punk songs short,Lifestyle,punks,why are punk songs short
why are punks so,why did punk start,Lifestyle,punks,why did punk start
why are punks so,what do punks believe in,Lifestyle,punks,what do punks believe in
why are punks so,what makes someone punk,Lifestyle,punks,what makes someone punk
why are punks so,what do punks like,Lifestyle,punks,what do punks like
why are punks so,what makes punk music punk,Lifestyle,punks,what makes punk music punk
why are punks so,what makes punk rock punk,Lifestyle,punks,what makes punk rock punk
why are punks so,what do punks like to do,Lifestyle,punks,what do punks like to do
why are celebrities so,why are celebrities so rich,Lifestyle,celebrities,rich
why are celebrities so,why are celebrities so influential,Lifestyle,celebrities,influential
why are celebrities so,why are celebrities so important,Lifestyle,celebrities,important
why are celebrities so,why are celebrities so political,Lifestyle,celebrities,political
why are celebrities so,why are some celebrities not popular,Lifestyle,celebrities,why are some celebrities not popular
why are celebrities so,why do celebrities divorce so much,Lifestyle,celebrities,why do celebrities divorce so much
why are celebrities so,why are so many celebrities bipolar,Lifestyle,celebrities,why are so many celebrities bipolar
why are celebrities so,why are celebrities important,Lifestyle,celebrities,why are celebrities important
why are criminals so,why are criminals often romanticized in media,Lifestyle,criminals,why are criminals often romanticized in media
why are criminals so,why are criminals sent to the twin towrrs,Lifestyle,criminals,why are criminals sent to the twin towrrs
why are criminals so,why do criminals do what they do,Lifestyle,criminals,why do criminals do what they do
why are criminals so,what makes people criminals,Lifestyle,criminals,what makes people criminals
why are criminals so,why are you not a criminal,Lifestyle,criminals,why are you not a criminal
why are criminals so,what causes people to become criminals,Lifestyle,criminals,what causes people to become criminals
why are criminals so,why people do crime,Lifestyle,criminals,why people do crime
why are criminals so,what makes you a criminal,Lifestyle,criminals,what makes you a criminal
why are homeless people so,why are homeless people homeless statistics,Lifestyle,homeless people,why are homeless people homeless statistics
why are homeless people so,why are homeless people on the streets,Lifestyle,homeless people,why are homeless people on the streets
why are poor people so,why do poor people remain poor,Lifestyle,poor people,why do poor people remain poor
why are poor people so,why are the poor getting poorer,Lifestyle,poor people,why are the poor getting poorer
why are poor people so,why are we poor,Lifestyle,poor people,why are we poor
why are poor people so,why you are poor,Lifestyle,poor people,why you are poor
why are poor people so,why the poor get poorer,Lifestyle,poor people,why the poor get poorer
why are poor people so,why do the poor get poorer,Lifestyle,poor people,why do the poor get poorer
why are rich people so,why are rich people so rich,Lifestyle,rich people,rich
why are rich people so,why are rich people so depressed,Lifestyle,rich people,depressed
why are rich people so,why are rich people sad,Lifestyle,rich people,why are rich people sad
why are rich people so,why are rich people smoking toad venom,Lifestyle,rich people,why are rich people smoking toad venom
why are rich people so,why are rich people more depressed,Lifestyle,rich people,why are rich people more depressed
why are rich people so,why are rich people moving to montana,Lifestyle,rich people,why are rich people moving to montana
why are rich people so,why are rich people lonely,Lifestyle,rich people,why are rich people lonely
why are rich people so,why are rich people moving to new zealand,Lifestyle,rich people,why are rich people moving to new zealand
why are Americans so,why are americans so friendly,Nationalities,Americans,why are americans so friendly
why are Americans so,why are americans so patriotic,Nationalities,Americans,why are americans so patriotic
why are Americans so,why are americans so tall,Nationalities,Americans,why are americans so tall
why are Americans so,why are americans so hands on,Nationalities,Americans,why are americans so hands on
why are Americans so,why are americans so creative,Nationalities,Americans,why are americans so creative
why are Americans so,why are americans so busy,Nationalities,Americans,why are americans so busy
why are Americans so,why are americans so impatient,Nationalities,Americans,why are americans so impatient
why are Americans so,why are americans so tired,Nationalities,Americans,why are americans so tired
why are Afghans so,why are afghans called afghans,Nationalities,Afghans,why are afghans called afghans
why are Afghans so,why were we in afghanistan,Nationalities,Afghans,why were we in afghanistan
why are Afghans so,why are afghans fleeing afghanistan,Nationalities,Afghans,why are afghans fleeing afghanistan
why are Afghans so,why do people live in afghanistan,Nationalities,Afghans,why do people live in afghanistan
why are Afghans so,why do afghans have so many children,Nationalities,Afghans,why do afghans have so many children
why are Afghans so,why did we go to afghanistan,Nationalities,Afghans,why did we go to afghanistan
why are Afghans so,why are people fleeing from afghanistan,Nationalities,Afghans,why are people fleeing from afghanistan
why are Afghans so,why are there americans in afghanistan,Nationalities,Afghans,why are there americans in afghanistan
why are Albanians so,why are albanians seeking asylum,Nationalities,Albanians,why are albanians seeking asylum
why are Albanians so,why are albanians seeking refuge in uk,Nationalities,Albanians,why are albanians seeking refuge in uk
why are Albanians so,why are albanians in the uk,Nationalities,Albanians,why are albanians in the uk
why are Albanians so,why are albanians coming here,Nationalities,Albanians,why are albanians coming here
why are Albanians so,why are people coming from albania,Nationalities,Albanians,why are people coming from albania
why are Albanians so,why do albanians come to the uk,Nationalities,Albanians,why do albanians come to the uk
why are Albanians so,what are albanians known for,Nationalities,Albanians,what are albanians known for
why are Albanians so,why do albanians go to uk,Nationalities,Albanians,why do albanians go to uk
why are Arabs so,what makes you arab,Nationalities,Arabs,what makes you arab
why are Arabs so,what makes someone arab,Nationalities,Arabs,what makes someone arab
why are Arabs so,interesting facts about arabs,Nationalities,Arabs,interesting facts about arabs
why are Arabs so,fun facts about arabs,Nationalities,Arabs,fun facts about arabs
why are Australians so,why are australians so tall,Nationalities,Australians,why are australians so tall
why are Australians so,why are australians so,Nationalities,Australians,why are australians so
why are Australians so,why are australians so friendly,Nationalities,Australians,why are australians so friendly
why are Australians so,why are australians so good at sport,Nationalities,Australians,why are australians so good at sport
why are Australians so,why are australians so wealthy,Nationalities,Australians,why are australians so wealthy
why are Australians so,why are australians so passionate for sports,Nationalities,Australians,why are australians so passionate for sports
why are Australians so,why are australians so good at swimming,Nationalities,Australians,why are australians so good at swimming
why are Australians so,why are australians so passionate about sport,Nationalities,Australians,why are australians so passionate about sport
why are Austrians so,why are austrians so happy,Nationalities,Austrians,why are austrians so happy
why are Austrians so,why are australians so tall,Nationalities,Austrians,why are australians so tall
why are Austrians so,why are australians so,Nationalities,Austrians,why are australians so
why are Austrians so,why are australians so friendly,Nationalities,Austrians,why are australians so friendly
why are Austrians so,why are australians so good at sport,Nationalities,Austrians,why are australians so good at sport
why are Austrians so,why are australians so wealthy,Nationalities,Austrians,why are australians so wealthy
why are Austrians so,why are australians so good at swimming,Nationalities,Austrians,why are australians so good at swimming
why are Austrians so,why are australians so passionate for sports,Nationalities,Austrians,why are australians so passionate for sports
why are Bengalis so,why are bengals so expensive,Nationalities,Bengalis,why are bengals so expensive
why are Bengalis so,what are bengalis known for,Nationalities,Bengalis,what are bengalis known for
why are Bengalis so,why are bengalis short,Nationalities,Bengalis,why are bengalis short
why are Bengalis so,bengalis are ever evolving and exploeing,Nationalities,Bengalis,bengalis are ever evolving and exploeing
why are Bengalis so,where are bengalis from,Nationalities,Bengalis,where are bengalis from
why are Bengalis so,why meaning in bengali,Nationalities,Bengalis,why meaning in bengali
why are Bengalis so,what is a bengali,Nationalities,Bengalis,what is a bengali
why are Bengalis so,reason meaning in bengali,Nationalities,Bengalis,reason meaning in bengali
why are British people so,why are british people so tall,Nationalities,British people,why are british people so tall
why are British people so,why are british people so,Nationalities,British people,why are british people so
why are British people so,why are so many british people interested,Nationalities,British people,why are so many british people interested
why are British people so,what makes people british,Nationalities,British people,what makes people british
why are British people so,why are british people real,Nationalities,British people,why are british people real
why are British people so,why are british people so polite,Nationalities,British people,why are british people so polite
why are British people so,why did people come to britain,Nationalities,British people,why did people come to britain
why are British people so,why are you british,Nationalities,British people,why are you british
why are Chileans so,why does chile exist,Nationalities,Chileans,why does chile exist
why are Chileans so,why is chilean spanish so different,Nationalities,Chileans,why is chilean spanish so different
why are Chileans so,fun facts about chilean culture,Nationalities,Chileans,fun facts about chilean culture
why are Chileans so,why go to chile,Nationalities,Chileans,why go to chile
why are Chileans so,why is chile so long,Nationalities,Chileans,why is chile so long
why are Chileans so,facts about chilean culture,Nationalities,Chileans,facts about chilean culture
why are Chileans so,facts about chilean people,Nationalities,Chileans,facts about chilean people
why are Chileans so,interesting facts about chilean people,Nationalities,Chileans,interesting facts about chilean people
why are Colombians so,why are colombians so happy,Nationalities,Colombians,why are colombians so happy
why are Colombians so,why are colombians seeking asylum,Nationalities,Colombians,why are colombians seeking asylum
why are Colombians so,why do people go to colombia,Nationalities,Colombians,why do people go to colombia
why are Colombians so,why go to colombia,Nationalities,Colombians,why go to colombia
why are Colombians so,what do colombians think of americans,Nationalities,Colombians,what do colombians think of americans
why are Colombians so,why travel to colombia,Nationalities,Colombians,why travel to colombia
why are Colombians so,facts about colombian people,Nationalities,Colombians,facts about colombian people
why are Colombians so,interesting facts about colombia culture,Nationalities,Colombians,interesting facts about colombia culture
why are Dutch people so,why are dutch people so tall,Nationalities,Dutch people,why are dutch people so tall
why are Dutch people so,why are people from the netherlands dutch,Nationalities,Dutch people,why are people from the netherlands dutch
why are Dutch people so,why are the dutch so different,Nationalities,Dutch people,why are the dutch so different
why are Dutch people so,what are the dutch people like,Nationalities,Dutch people,what are the dutch people like
why are Dutch people so,facts about dutch people,Nationalities,Dutch people,facts about dutch people
why are Dutch people so,why are the dutch different,Nationalities,Dutch people,why are the dutch different
why are Dutch people so,are dutch people nice,Nationalities,Dutch people,are dutch people nice
why are Dutch people so,what are dutch people known for,Nationalities,Dutch people,what are dutch people known for
why are Egyptians so,why are egyptians considered white,Nationalities,Egyptians,why are egyptians considered white
why are Egyptians so,why do people go to egypt,Nationalities,Egyptians,why do people go to egypt
why are Egyptians so,why were the egyptians important,Nationalities,Egyptians,why were the egyptians important
why are Egyptians so,how do we know about the egyptians,Nationalities,Egyptians,how do we know about the egyptians
why are Egyptians so,why is ancient egypt interesting,Nationalities,Egyptians,why is ancient egypt interesting
why are Egyptians so,the ancient egyptians are supposed,Nationalities,Egyptians,the ancient egyptians are supposed
why are Egyptians so,what do egyptians think of ancient egypt,Nationalities,Egyptians,what do egyptians think of ancient egypt
why are Egyptians so,why go to egypt,Nationalities,Egyptians,why go to egypt
why are Ecuadorians so,why are ecuadorians short,Nationalities,Ecuadorians,why are ecuadorians short
why are Ecuadorians so,why go to ecuador,Nationalities,Ecuadorians,why go to ecuador
why are Ecuadorians so,why is ecuador so biodiverse,Nationalities,Ecuadorians,why is ecuador so biodiverse
why are Ecuadorians so,facts about ecuadorian people,Nationalities,Ecuadorians,facts about ecuadorian people
why are Ecuadorians so,why do people travel to ecuador,Nationalities,Ecuadorians,why do people travel to ecuador
why are Ecuadorians so,why is ecuador important,Nationalities,Ecuadorians,why is ecuador important
why are Ecuadorians so,why should i go to ecuador,Nationalities,Ecuadorians,why should i go to ecuador
why are Ecuadorians so,reasons to go to ecuador,Nationalities,Ecuadorians,reasons to go to ecuador
why are Ethiopians so,why are ethiopians so beautiful,Nationalities,Ethiopians,why are ethiopians so beautiful
why are Ethiopians so,why is ethiopia so populated,Nationalities,Ethiopians,why is ethiopia so populated
why are Ethiopians so,why ethiopia is unique,Nationalities,Ethiopians,why ethiopia is unique
why are Ethiopians so,why ethiopians are beautiful,Nationalities,Ethiopians,why ethiopians are beautiful
why are Ethiopians so,why is ethiopia so impoverished,Nationalities,Ethiopians,why is ethiopia so impoverished
why are Ethiopians so,why do ethiopians look different,Nationalities,Ethiopians,why do ethiopians look different
why are Ethiopians so,why is ethiopia important,Nationalities,Ethiopians,why is ethiopia important
why are Ethiopians so,facts about ethiopian culture,Nationalities,Ethiopians,facts about ethiopian culture
why are Finns so,why are finns so nice,Nationalities,Finns,why are finns so nice
why are Finns so,why are finns so friendly,Nationalities,Finns,why are finns so friendly
why are Finns so,why are finns so happy,Nationalities,Finns,why are finns so happy
why are Finns so,why are finns so unfriendly,Nationalities,Finns,why are finns so unfriendly
why are Finns so,why are finns so cold,Nationalities,Finns,why are finns so cold
why are Finns so,why are finns so reserved,Nationalities,Finns,why are finns so reserved
why are Finns so,why are finns so introverted,Nationalities,Finns,why are finns so introverted
why are Finns so,why are finns so quiet,Nationalities,Finns,why are finns so quiet
why are French people so,why are french people so beautiful,Nationalities,French people,why are french people so beautiful
why are French people so,why do french people smoke so much,Nationalities,French people,why do french people smoke so much
why are French people so,why are the french so,Nationalities,French people,why are the french so
why are French people so,why do people like french,Nationalities,French people,why do people like french
why are French people so,reason for being french,Nationalities,French people,reason for being french
why are French people so,why do people live in france,Nationalities,French people,why do people live in france
why are French people so,what's so special about french people,Nationalities,French people,what's so special about french people
why are French people so,how are french people,Nationalities,French people,how are french people
why are Germans so,why are germans so smart,Nationalities,Germans,why are germans so smart
why are Germans so,why are germans so tall,Nationalities,Germans,why are germans so tall
why are Germans so,why are germans so influential,Nationalities,Germans,why are germans so influential
why are Germans so,why are germans on strike,Nationalities,Germans,why are germans on strike
why are Germans so,why are german people so strong,Nationalities,Germans,why are german people so strong
why are Germans so,why the germans do it better,Nationalities,Germans,why the germans do it better
why are Germans so,why are there so many german americans,Nationalities,Germans,why are there so many german americans
why are Germans so,why do people go to germany,Nationalities,Germans,why do people go to germany
why are Ghanaians so,why we should know about ghana,Nationalities,Ghanaians,why we should know about ghana
why are Ghanaians so,why go to ghana,Nationalities,Ghanaians,why go to ghana
why are Ghanaians so,why was ghana so wealthy,Nationalities,Ghanaians,why was ghana so wealthy
why are Ghanaians so,people from ghana are ghanaian,Nationalities,Ghanaians,people from ghana are ghanaian
why are Ghanaians so,why was ghana so important,Nationalities,Ghanaians,why was ghana so important
why are Ghanaians so,why is ghana so poor,Nationalities,Ghanaians,why is ghana so poor
why are Ghanaians so,how are the ghana people living,Nationalities,Ghanaians,how are the ghana people living
why are Ghanaians so,reasons why the europeans came to ghana,Nationalities,Ghanaians,reasons why the europeans came to ghana
why are Greeks so,why are greeks so beautiful,Nationalities,Greeks,why are greeks so beautiful
why are Greeks so,why did the greeks think so much,Nationalities,Greeks,why did the greeks think so much
why are Greeks so,why are the greeks important,Nationalities,Greeks,why are the greeks important
why are Greeks so,why do the greeks matter,Nationalities,Greeks,why do the greeks matter
why are Greeks so,why were the greeks important,Nationalities,Greeks,why were the greeks important
why are Greeks so,why are the ancient greeks important,Nationalities,Greeks,why are the ancient greeks important
why are Greeks so,why are greeks so healthy,Nationalities,Greeks,why are greeks so healthy
why are Greeks so,why were the ancient greeks so important,Nationalities,Greeks,why were the ancient greeks so important
why are Indians so,why is india so,Nationalities,Indians,why is india so
why are Indians so,what do indians do,Nationalities,Indians,what do indians do
why are Indians so,everything you want to know about indians,Nationalities,Indians,everything you want to know about indians
why are Indonesians so,why are indonesian so friendly,Nationalities,Indonesians,why are indonesian so friendly
why are Indonesians so,why are indonesians so short,Nationalities,Indonesians,why are indonesians so short
why are Indonesians so,why does indonesia have so many people,Nationalities,Indonesians,why does indonesia have so many people
why are Indonesians so,why is indonesia so big,Nationalities,Indonesians,why is indonesia so big
why are Indonesians so,why is indonesia so populated,Nationalities,Indonesians,why is indonesia so populated
why are Indonesians so,what makes indonesia unique,Nationalities,Indonesians,what makes indonesia unique
why are Indonesians so,what do you think about indonesia,Nationalities,Indonesians,what do you think about indonesia
why are Indonesians so,why is indonesia a developing country,Nationalities,Indonesians,why is indonesia a developing country
why are Iranians so,why is iran ir iran,Nationalities,Iranians,why is iran ir iran
why are Iranians so,what are iranians like,Nationalities,Iranians,what are iranians like
why are Iranians so,what do iranians think of india,Nationalities,Iranians,what do iranians think of india
why are Iranians so,why is iran so powerful,Nationalities,Iranians,why is iran so powerful
why are Iranians so,why is persia now iran,Nationalities,Iranians,why is persia now iran
why are Iranians so,why does iran not like the us,Nationalities,Iranians,why does iran not like the us
why are Iranians so,reasons for the iranian revolution,Nationalities,Iranians,reasons for the iranian revolution
why are Iranians so,what are iranian people like,Nationalities,Iranians,what are iranian people like
why are Iraqis so,why are iraqis so brave,Nationalities,Iraqis,why are iraqis so brave
why are Iraqis so,why were we in iraq,Nationalities,Iraqis,why were we in iraq
why are Iraqis so,why did we go to iraq,Nationalities,Iraqis,why did we go to iraq
why are Iraqis so,why are we still in iraq,Nationalities,Iraqis,why are we still in iraq
why are Iraqis so,what do iraqis think of america,Nationalities,Iraqis,what do iraqis think of america
why are Iraqis so,why is iraq important,Nationalities,Iraqis,why is iraq important
why are Iraqis so,why is america in iraq,Nationalities,Iraqis,why is america in iraq
why are Iraqis so,do iraqis like americans,Nationalities,Iraqis,do iraqis like americans
why are Irish people so,why are irish people so popular,Nationalities,Irish people,why are irish people so popular
why are Irish people so,why are irish people so strong,Nationalities,Irish people,why are irish people so strong
why are Irish people so,why are irish people so nice,Nationalities,Irish people,why are irish people so nice
why are Irish people so,things about irish people,Nationalities,Irish people,things about irish people
why are Irish people so,what do people think of the irish,Nationalities,Irish people,what do people think of the irish
why are Irish people so,things to know about irish people,Nationalities,Irish people,things to know about irish people
why are Irish people so,what makes someone irish,Nationalities,Irish people,what makes someone irish
why are Irish people so,facts about irish people,Nationalities,Irish people,facts about irish people
why are Italians so,why are italians so passionate,Nationalities,Italians,why are italians so passionate
why are Italians so,why are italians so proud,Nationalities,Italians,why are italians so proud
why are Italians so,why are italians considered white,Nationalities,Italians,why are italians considered white
why are Italians so,why southern italians have not much allergies,Nationalities,Italians,why southern italians have not much allergies
why are Italians so,why do italians smoke so much,Nationalities,Italians,why do italians smoke so much
why are Italians so,why are the italians so healthy,Nationalities,Italians,why are the italians so healthy
why are Italians so,why are italians so beautiful,Nationalities,Italians,why are italians so beautiful
why are Italians so,why are italians so affectionate,Nationalities,Italians,why are italians so affectionate
why are Koreans so,why are koreans so tall,Nationalities,Koreans,why are koreans so tall
why are Koreans so,why are koreans so,Nationalities,Koreans,why are koreans so
why are Koreans so,what is why in korean,Nationalities,Koreans,what is why in korean
why are Koreans so,why are koreans so healthy,Nationalities,Koreans,why are koreans so healthy
why are Koreans so,why are koreans so pretty,Nationalities,Koreans,why are koreans so pretty
why are Koreans so,why are koreans so religious,Nationalities,Koreans,why are koreans so religious
why are Koreans so,why are korean people so popular,Nationalities,Koreans,why are korean people so popular
why are Koreans so,why are koreans so cute,Nationalities,Koreans,why are koreans so cute
why are Lebanese people so,fun facts about lebanese people,Nationalities,Lebanese people,fun facts about lebanese people
why are Lebanese people so,what are lebanese people like,Nationalities,Lebanese people,what are lebanese people like
why are Lebanese people so,what are lebanese people considered,Nationalities,Lebanese people,what are lebanese people considered
why are Lebanese people so,who are lebanese people,Nationalities,Lebanese people,who are lebanese people
why are Lebanese people so,culture of lebanese people,Nationalities,Lebanese people,culture of lebanese people
why are Lebanese people so,facts about lebanese culture,Nationalities,Lebanese people,facts about lebanese culture
why are Lebanese people so,where are lebanese people from,Nationalities,Lebanese people,where are lebanese people from
why are Lebanese people so,where do lebanese people come from,Nationalities,Lebanese people,where do lebanese people come from
why are Mexicans so,why are mexicans coming to america,Nationalities,Mexicans,why are mexicans coming to america
why are Mexicans so,reasons why mexicans come to the us,Nationalities,Mexicans,reasons why mexicans come to the us
why are Mexicans so,why do mexicans come to u.s,Nationalities,Mexicans,why do mexicans come to u.s
why are Mexicans so,why mexicans come to the us,Nationalities,Mexicans,why mexicans come to the us
why are Mexicans so,why did mexicans come to us,Nationalities,Mexicans,why did mexicans come to us
why are Mexicans so,why do people go to mexico,Nationalities,Mexicans,why do people go to mexico
why are Mexicans so,why are mexicans coming to the us,Nationalities,Mexicans,why are mexicans coming to the us
why are Mexicans so,what are mexicans know for,Nationalities,Mexicans,what are mexicans know for
why are Moroccans so,why are moroccans so beautiful,Nationalities,Moroccans,why are moroccans so beautiful
why are Moroccans so,fun facts about moroccans,Nationalities,Moroccans,fun facts about moroccans
why are Moroccans so,things to know about moroccan culture,Nationalities,Moroccans,things to know about moroccan culture
why are Moroccans so,what do moroccans think of americans,Nationalities,Moroccans,what do moroccans think of americans
why are Moroccans so,good things about being moroccan,Nationalities,Moroccans,good things about being moroccan
why are Moroccans so,what is a moroccan,Nationalities,Moroccans,what is a moroccan
why are Moroccans so,why are moroccans fleeing to spain,Nationalities,Moroccans,why are moroccans fleeing to spain
why are Nepalis so,why are nepalese so beautiful,Nationalities,Nepalis,why are nepalese so beautiful
why are Nepalis so,why do people go to nepal,Nationalities,Nepalis,why do people go to nepal
why are Nepalis so,why do people live in nepal,Nationalities,Nepalis,why do people live in nepal
why are Nepalis so,interesting facts in nepali,Nationalities,Nepalis,interesting facts in nepali
why are Nepalis so,why go to nepal,Nationalities,Nepalis,why go to nepal
why are Nepalis so,causes meaning in nepali,Nationalities,Nepalis,causes meaning in nepali
why are Nepalis so,reason meaning in nepali,Nationalities,Nepalis,reason meaning in nepali
why are Nepalis so,about nepal in nepali,Nationalities,Nepalis,about nepal in nepali
why are Nigerians so,why nigerians are so successful,Nationalities,Nigerians,why nigerians are so successful
why are Nigerians so,why does nigeria have so many people,Nationalities,Nigerians,why does nigeria have so many people
why are Nigerians so,why are nigerians successful,Nationalities,Nigerians,why are nigerians successful
why are Nigerians so,why is nigeria like this,Nationalities,Nigerians,why is nigeria like this
why are Nigerians so,why is nigeria a nee,Nationalities,Nigerians,why is nigeria a nee
why are Nigerians so,why is nigeria so populous,Nationalities,Nigerians,why is nigeria so populous
why are Nigerians so,why is nigeria so important,Nationalities,Nigerians,why is nigeria so important
why are Nigerians so,why is nigeria so populated,Nationalities,Nigerians,why is nigeria so populated
why are Norwegians so,why are norwegians so tall,Nationalities,Norwegians,why are norwegians so tall
why are Norwegians so,why are norwegians so happy,Nationalities,Norwegians,why are norwegians so happy
why are Norwegians so,why do norwegians eat dinner so early,Nationalities,Norwegians,why do norwegians eat dinner so early
why are Norwegians so,why is norway so,Nationalities,Norwegians,why is norway so
why are Norwegians so,what are norwegians known for,Nationalities,Norwegians,what are norwegians known for
why are Norwegians so,why live in norway,Nationalities,Norwegians,why live in norway
why are Norwegians so,why is norway so amazing,Nationalities,Norwegians,why is norway so amazing
why are Norwegians so,why did norwegians come to america,Nationalities,Norwegians,why did norwegians come to america
why are Pakistanis so,why are pakistani so tall,Nationalities,Pakistanis,why are pakistani so tall
why are Pakistanis so,why are pakistani so fair,Nationalities,Pakistanis,why are pakistani so fair
why are Pakistanis so,why does pakistan have so many people,Nationalities,Pakistanis,why does pakistan have so many people
why are Pakistanis so,what do you know about pakistan,Nationalities,Pakistanis,what do you know about pakistan
why are Pakistanis so,why was pakistan made,Nationalities,Pakistanis,why was pakistan made
why are Pakistanis so,why is pakistan popular,Nationalities,Pakistanis,why is pakistan popular
why are Pakistanis so,what do pakistanis think of indians,Nationalities,Pakistanis,what do pakistanis think of indians
why are Pakistanis so,what makes pakistan unique,Nationalities,Pakistanis,what makes pakistan unique
why are Polish people so,why are polish people so strong,Nationalities,Polish people,why are polish people so strong
why are Polish people so,why are polish people so pretty,Nationalities,Polish people,why are polish people so pretty
why are Polish people so,how are polish people,Nationalities,Polish people,how are polish people
why are Polish people so,why are polish people so entitled,Nationalities,Polish people,why are polish people so entitled
why are Polish people so,what is why in polish,Nationalities,Polish people,what is why in polish
why are Polish people so,what are polish people like,Nationalities,Polish people,what are polish people like
why are Polish people so,are polish people strong,Nationalities,Polish people,are polish people strong
why are Polish people so,facts about polish people,Nationalities,Polish people,facts about polish people
why are Romanians so,why are romanian so beautiful,Nationalities,Romanians,why are romanian so beautiful
why are Romanians so,why are romanians coming to uk,Nationalities,Romanians,why are romanians coming to uk
why are Romanians so,why is romanian so different,Nationalities,Romanians,why is romanian so different
why are Romanians so,why does romania exist,Nationalities,Romanians,why does romania exist
why are Romanians so,what are romanians like,Nationalities,Romanians,what are romanians like
why are Romanians so,why are romanians called romanians,Nationalities,Romanians,why are romanians called romanians
why are Romanians so,what do romanians believe,Nationalities,Romanians,what do romanians believe
why are Romanians so,why do romanians come to uk,Nationalities,Romanians,why do romanians come to uk
why are Russians so,why are russians so good at chess,Nationalities,Russians,why are russians so good at chess
why are Russians so,why are russians so tall,Nationalities,Russians,why are russians so tall
why are Russians so,why are russians so,Nationalities,Russians,why are russians so
why are Russians so,why are russians so good at ballet,Nationalities,Russians,why are russians so good at ballet
why are Russians so,why there is so many russians in the us,Nationalities,Russians,why there is so many russians in the us
why are Russians so,why do so many russians play csgo,Nationalities,Russians,why do so many russians play csgo
why are Russians so,why is russia so,Nationalities,Russians,why is russia so
why are Russians so,why is the - russian,Nationalities,Russians,why is the - russian
why are Scots so,why do we obtain understanding of scots,Nationalities,Scots,why do we obtain understanding of scots
why are Scots so,why did the scots come to england,Nationalities,Scots,why did the scots come to england
why are Scots so,why do people come to scotland,Nationalities,Scots,why do people come to scotland
why are Scots so,what are scots known for,Nationalities,Scots,what are scots known for
why are Scots so,facts about the scots,Nationalities,Scots,facts about the scots
why are Scots so,what are the scots like,Nationalities,Scots,what are the scots like
why are Scots so,why do scots like france,Nationalities,Scots,why do scots like france
why are Somalis so,why are somalis so beautiful,Nationalities,Somalis,why are somalis so beautiful
why are Somalis so,what are somalis known for,Nationalities,Somalis,what are somalis known for
why are Somalis so,why somalis are good at business,Nationalities,Somalis,why somalis are good at business
why are Somalis so,why are somalis tall,Nationalities,Somalis,why are somalis tall
why are Somalis so,why somalis look different,Nationalities,Somalis,why somalis look different
why are Somalis so,why are somalis refugees,Nationalities,Somalis,why are somalis refugees
why are Somalis so,why do somalis look alike,Nationalities,Somalis,why do somalis look alike
why are Somalis so,where do somalis come from,Nationalities,Somalis,where do somalis come from
why are South Africans so,why is south africa za,Nationalities,South Africans,why is south africa za
why are South Africans so,why is south africa so developed,Nationalities,South Africans,why is south africa so developed
why are South Africans so,why live in south africa,Nationalities,South Africans,why live in south africa
why are South Africans so,why is south africa unique,Nationalities,South Africans,why is south africa unique
why are South Africans so,why is south africa so special,Nationalities,South Africans,why is south africa so special
why are South Africans so,what makes south africa south africa,Nationalities,South Africans,what makes south africa south africa
why are South Africans so,what do people think about south africa,Nationalities,South Africans,what do people think about south africa
why are South Africans so,why do people love south africa,Nationalities,South Africans,why do people love south africa
why are Sudanese people so,why are sudanese people so tall,Nationalities,Sudanese people,why are sudanese people so tall
why are Sudanese people so,why does south sudan exist,Nationalities,Sudanese people,why does south sudan exist
why are Sudanese people so,why are there 2 sudans,Nationalities,Sudanese people,why are there 2 sudans
why are Sudanese people so,south sudanese culture facts,Nationalities,Sudanese people,south sudanese culture facts
why are Sudanese people so,why do people leave south sudan,Nationalities,Sudanese people,why do people leave south sudan
why are Sudanese people so,sudanese culture and lifestyle,Nationalities,Sudanese people,sudanese culture and lifestyle
why are Sudanese people so,what is the sudanese culture,Nationalities,Sudanese people,what is the sudanese culture
why are Sudanese people so,cultural facts about sudan,Nationalities,Sudanese people,cultural facts about sudan
why are Swedes so,why are swedes so cold,Nationalities,Swedes,why are swedes so cold
why are Swedes so,why are swedes so happy,Nationalities,Swedes,why are swedes so happy
why are Swedes so,why are swedes so healthy,Nationalities,Swedes,why are swedes so healthy
why are Swedes so,why are swedes so tall,Nationalities,Swedes,why are swedes so tall
why are Swedes so,why are swedes so smart,Nationalities,Swedes,why are swedes so smart
why are Swedes so,why are swedes so beautiful,Nationalities,Swedes,why are swedes so beautiful
why are Swedes so,why are swedes so good at english,Nationalities,Swedes,why are swedes so good at english
why are Swedes so,why are swedes so depressed,Nationalities,Swedes,why are swedes so depressed
why are Taiwanese people so,what are taiwanese people like,Nationalities,Taiwanese people,what are taiwanese people like
why are Taiwanese people so,where are taiwanese people from,Nationalities,Taiwanese people,where are taiwanese people from
why are Taiwanese people so,what do chinese people think of taiwan,Nationalities,Taiwanese people,what do chinese people think of taiwan
why are Taiwanese people so,why does taiwan exist,Nationalities,Taiwanese people,why does taiwan exist
why are Taiwanese people so,taiwan people and culture,Nationalities,Taiwanese people,taiwan people and culture
why are Taiwanese people so,why taiwanese like japan,Nationalities,Taiwanese people,why taiwanese like japan
why are Taiwanese people so,what do taiwanese think of china,Nationalities,Taiwanese people,what do taiwanese think of china
why are Taiwanese people so,are taiwan people chinese,Nationalities,Taiwanese people,are taiwan people chinese
why are Ukrainians so,why are ukrainian so beautiful,Nationalities,Ukrainians,why are ukrainian so beautiful
why are Ukrainians so,why are we really in ukraine,Nationalities,Ukrainians,why are we really in ukraine
why are Ukrainians so,why are we in ukraine,Nationalities,Ukrainians,why are we in ukraine
why are Ukrainians so,why are ukrainians going to russia,Nationalities,Ukrainians,why are ukrainians going to russia
why are Ukrainians so,why are americans in ukraine,Nationalities,Ukrainians,why are americans in ukraine
why are Ukrainians so,why are the russians in ukraine,Nationalities,Ukrainians,why are the russians in ukraine
why are Ukrainians so,why is ukraine so strong,Nationalities,Ukrainians,why is ukraine so strong
why are Ukrainians so,why is ukraine doing so well,Nationalities,Ukrainians,why is ukraine doing so well
why are Venezuelans so,why are venezuelans so beautiful,Nationalities,Venezuelans,why are venezuelans so beautiful
why are Venezuelans so,why are venezuelans seeking asylum in the us,Nationalities,Venezuelans,why are venezuelans seeking asylum in the us
why are Venezuelans so,why is venezuela so big,Nationalities,Venezuelans,why is venezuela so big
why are Venezuelans so,why are venezuelans fleeing their country,Nationalities,Venezuelans,why are venezuelans fleeing their country
why are Venezuelans so,why is venezuela so important,Nationalities,Venezuelans,why is venezuela so important
why are Venezuelans so,what to know about venezuela,Nationalities,Venezuelans,what to know about venezuela
why are Venezuelans so,venezuela facts and culture,Nationalities,Venezuelans,venezuela facts and culture
why are Venezuelans so,1 fact about venezuela,Nationalities,Venezuelans,1 fact about venezuela
why are Vietnamese people so,what people think about vietnamese,Nationalities,Vietnamese people,what people think about vietnamese
why are Vietnamese people so,why do people go to vietnam,Nationalities,Vietnamese people,why do people go to vietnam
why are Vietnamese people so,why are we in vietnam,Nationalities,Vietnamese people,why are we in vietnam
why are Vietnamese people so,facts about vietnamese people,Nationalities,Vietnamese people,facts about vietnamese people
why are Vietnamese people so,why we were in vietnam,Nationalities,Vietnamese people,why we were in vietnam
why are Vietnamese people so,vietnamese people are very,Nationalities,Vietnamese people,vietnamese people are very
why are Vietnamese people so,why do people travel to vietnam,Nationalities,Vietnamese people,why do people travel to vietnam
why are Vietnamese people so,are vietnamese people nice,Nationalities,Vietnamese people,are vietnamese people nice
why are Africans so,why are americans so friendly,Peoples,Africans,why are americans so friendly
why are Africans so,why are americans so patriotic,Peoples,Africans,why are americans so patriotic
why are Africans so,why are americans so tall,Peoples,Africans,why are americans so tall
why are Africans so,why are americans so hands on,Peoples,Africans,why are americans so hands on
why are Africans so,why are americans so creative,Peoples,Africans,why are americans so creative
why are Africans so,why are americans so busy,Peoples,Africans,why are americans so busy
why are Africans so,why are americans so impatient,Peoples,Africans,why are americans so impatient
why are Africans so,why are americans so tired,Peoples,Africans,why are americans so tired
why are Asians so,what makes someone asian,Peoples,Asians,what makes someone asian
why are Asians so,why does asia have so many people,Peoples,Asians,why does asia have so many people
why are Asians so,what makes a person asian,Peoples,Asians,what makes a person asian
why are Asians so,importance of being an asian,Peoples,Asians,importance of being an asian
why are Asian kids so,asian facts for kids,Peoples,Asian kids,asian facts for kids
why are Asian kids so,asian culture facts for kids,Peoples,Asian kids,asian culture facts for kids
why are Asian kids so,do asian parents love their children,Peoples,Asian kids,do asian parents love their children
why are Asian kids so,fact about asia for kids,Peoples,Asian kids,fact about asia for kids
why are Asian kids so,facts about asia kids,Peoples,Asian kids,facts about asia kids
why are Asian kids so,learning about asia for kids,Peoples,Asian kids,learning about asia for kids
why are Asian men so,what makes a person asian,Peoples,Asian men,what makes a person asian
why are Asian men so,asian men and women,Peoples,Asian men,asian men and women
why are Asian men so,what makes someone asian,Peoples,Asian men,what makes someone asian
why are Asian men so,what makes someone asian american,Peoples,Asian men,what makes someone asian american
why are Asian men so,how about chinese men,Peoples,Asian men,how about chinese men
why are Asian men so,asian men vs asian women,Peoples,Asian men,asian men vs asian women
why are Asian parents so,asian culture living with parents,Peoples,Asian parents,asian culture living with parents
why are Asian parents so,things asian parents do,Peoples,Asian parents,things asian parents do
why are Asian parents so,do asian parents love their children,Peoples,Asian parents,do asian parents love their children
why are Asian parents so,asian parents vs american parents,Peoples,Asian parents,asian parents vs american parents
why are Asian parents so,growing up with asian parents,Peoples,Asian parents,growing up with asian parents
why are Asian parents so,asian american children and their parents,Peoples,Asian parents,asian american children and their parents
why are Asian parents so,psychology today asian parents,Peoples,Asian parents,psychology today asian parents
why are Asian women so,women in asian culture,Peoples,Asian women,women in asian culture
why are Asian women so,asian culture and women,Peoples,Asian women,asian culture and women
why are Asian women so,do asian women age well,Peoples,Asian women,do asian women age well
why are Asian women so,role of women in asia,Peoples,Asian women,role of women in asia
why are Asian women so,difference between asian women,Peoples,Asian women,difference between asian women
why are Asian women so,why am i attracted to asian girls,Peoples,Asian women,why am i attracted to asian girls
why are African Americans so,what africans think about african americans,Peoples,African Americans,what africans think about african americans
why are African Americans so,africa according to americans,Peoples,African Americans,africa according to americans
why are African Americans so,why do we need african american history,Peoples,African Americans,why do we need african american history
why are African Americans so,african americans and africa,Peoples,African Americans,african americans and africa
why are African Americans so,how have african americans influenced america,Peoples,African Americans,how have african americans influenced america
why are African Americans so,why were africans brought to the americas,Peoples,African Americans,why were africans brought to the americas
why are African Americans so,how do africans feel about african americans,Peoples,African Americans,how do africans feel about african americans
why are African Americans so,what to know about african american culture,Peoples,African Americans,what to know about african american culture
why are Black Americans so,what it's like being black in america,Peoples,Black Americans,what it's like being black in america
why are Black Americans so,little known facts about black americans,Peoples,Black Americans,little known facts about black americans
why are Black Americans so,why black history instead of american history,Peoples,Black Americans,why black history instead of american history
why are Black Americans so,black americans that made a difference,Peoples,Black Americans,black americans that made a difference
why are Black Americans so,issues of black americans today,Peoples,Black Americans,issues of black americans today
why are Black Americans so,what africans think about african americans,Peoples,Black Americans,what africans think about african americans
why are Black kids so,black kids in history,Peoples,Black kids,black kids in history
why are Black kids so,parents for black children,Peoples,Black kids,parents for black children
why are Black men so,men in black facts,Peoples,Black men,men in black facts
why are Black men so,men in black phenomenon,Peoples,Black men,men in black phenomenon
why are Black parents so,black parents and white parents,Peoples,Black parents,black parents and white parents
why are Black parents so,parents for black children,Peoples,Black parents,parents for black children
why are Black parents so,what black parents say,Peoples,Black parents,what black parents say
why are Black parents so,pictures of black parents,Peoples,Black parents,pictures of black parents
why are Black people so,why people like black color,Peoples,Black people,why people like black color
why are Black people so,why can we see black,Peoples,Black people,why can we see black
why are Black women so,women in black facts,Peoples,Black women,women in black facts
why are Black women so,woman in black explained,Peoples,Black women,woman in black explained
why are Black women so,black women black history facts,Peoples,Black women,black women black history facts
why are Europeans so,why are europeans so happy,Peoples,Europeans,why are europeans so happy
why are Europeans so,which describes the main reason why european,Peoples,Europeans,which describes the main reason why european
why are Europeans so,why were europeans so successful,Peoples,Europeans,why were europeans so successful
why are Europeans so,why a european not an european,Peoples,Europeans,why a european not an european
why are Europeans so,why europe is so developed,Peoples,Europeans,why europe is so developed
why are Europeans so,why does europe have so many countries,Peoples,Europeans,why does europe have so many countries
why are Europeans so,why go to europe,Peoples,Europeans,why go to europe
why are Europeans so,reasons why europeans came to america,Peoples,Europeans,reasons why europeans came to america
why are Hispanics so,why are hispanics considered white,Peoples,Hispanics,why are hispanics considered white
why are Hispanics so,why are hispanics considered a minority,Peoples,Hispanics,why are hispanics considered a minority
why are Hispanics so,why are hispanics voting republican,Peoples,Hispanics,why are hispanics voting republican
why are Hispanics so,why are hispanics republican,Peoples,Hispanics,why are hispanics republican
why are Hispanic men so,why are hispanic men attracted to me,Peoples,Hispanic men,why are hispanic men attracted to me
why are Hispanic men so,what are hispanic men like,Peoples,Hispanic men,what are hispanic men like
why are Hispanic men so,what makes a person hispanic,Peoples,Hispanic men,what makes a person hispanic
why are Hispanic men so,hispanic men and women,Peoples,Hispanic men,hispanic men and women
why are Hispanic men so,what makes someone hispanic,Peoples,Hispanic men,what makes someone hispanic
why are Hispanic men so,are hispanic men attractive,Peoples,Hispanic men,are hispanic men attractive
why are Hispanic men so,why is hispanic an ethnicity,Peoples,Hispanic men,why is hispanic an ethnicity
why are Hispanic men so,what makes you a hispanic,Peoples,Hispanic men,what makes you a hispanic
why are Hispanic women so,women in hispanic culture,Peoples,Hispanic women,women in hispanic culture
why are Hispanic women so,role of women in hispanic culture,Peoples,Hispanic women,role of women in hispanic culture
why are Hispanic women so,hispanic women in america,Peoples,Hispanic women,hispanic women in america
why are Hispanic women so,hispanic women in the us,Peoples,Hispanic women,hispanic women in the us
why are Hispanic women so,hispanic men and women,Peoples,Hispanic women,hispanic men and women
why are Hispanic women so,hispanic women in history with influence,Peoples,Hispanic women,hispanic women in history with influence
why are Hispanic women so,do hispanic women age well,Peoples,Hispanic women,do hispanic women age well
why are Hispanic women so,women roles in hispanic culture,Peoples,Hispanic women,women roles in hispanic culture
why are Latinas so,why are lanas song so long,Peoples,Latinas,why are lanas song so long
why are Latinas so,what makes you a latina,Peoples,Latinas,what makes you a latina
why are Latinas so,what makes someone latina,Peoples,Latinas,what makes someone latina
why are Latinas so,why a latina likes me,Peoples,Latinas,why a latina likes me
why are Latinas so,why am i attracted to latinas,Peoples,Latinas,why am i attracted to latinas
why are White Americans so,why are americans teeth so white,Peoples,White Americans,why are americans teeth so white
why are White Americans so,why are we so white,Peoples,White Americans,why are we so white
why are White Americans so,why are you so white,Peoples,White Americans,why are you so white
why are White Americans so,why are majority of humans white,Peoples,White Americans,why are majority of humans white
why are White Americans so,what % of americans are white,Peoples,White Americans,what % of americans are white
why are White Americans so,what culture is white american,Peoples,White Americans,what culture is white american
why are White Americans so,why are people wearing white today,Peoples,White Americans,why are people wearing white today
why are White Americans so,why are houses in america white,Peoples,White Americans,why are houses in america white
why are White men so,why are you so white,Peoples,White men,why are you so white
why are White men so,why are majority of humans white,Peoples,White men,why are majority of humans white
why are White men so,why are we so white,Peoples,White men,why are we so white
why are White men so,what does white mens means,Peoples,White men,what does white mens means
why are White men so,men black and white,Peoples,White men,men black and white
why are White men so,why are most strongmen white,Peoples,White men,why are most strongmen white
why are White men so,white men and diversity,Peoples,White men,white men and diversity
why are White men so,why are people wearing white today,Peoples,White men,why are people wearing white today
why are White parents so,why was i born white,Peoples,White parents,why was i born white
why are White parents so,black parents and white parents,Peoples,White parents,black parents and white parents
why are White parents so,why are we so white,Peoples,White parents,why are we so white
why are White parents so,black with white parents,Peoples,White parents,black with white parents
why are White parents so,why are you so white,Peoples,White parents,why are you so white
why are White parents so,white parents with black kids,Peoples,White parents,white parents with black kids
why are White parents so,difference between black and white parents,Peoples,White parents,difference between black and white parents
why are White people so,why are we so white,Peoples,White people,why are we so white
why are White people so,why are you so white,Peoples,White people,why are you so white
why are White people so,why are majority of humans white,Peoples,White people,why are majority of humans white
why are White people so,why do you like white,Peoples,White people,why do you like white
why are White people so,why are people wearing white today,Peoples,White people,why are people wearing white today
why are White people so,why is everything white,Peoples,White people,why is everything white
why are White people so,why do we see white,Peoples,White people,why do we see white
why are White people so,why am i so black and white,Peoples,White people,why am i so black and white
why are redheads so,why are redheads so beautiful,Peoples,redheads,beautiful
why are redheads so,why are redheads so rare,Peoples,redheads,rare
why are redheads so,why are redheads so pretty,Peoples,redheads,pretty
why are redheads so,why do people make fun of redheads,Peoples,redheads,why do people make fun of redheads
why are redheads so,why are redheads different,Peoples,redheads,why are redheads different
why are redheads so,why do guys like redheads so much,Peoples,redheads,why do guys like redheads so much
why are redheads so,why are redheads rare,Peoples,redheads,why are redheads rare
why are redheads so,why do men like redheads,Peoples,redheads,why do men like redheads
why are blondes so,why are blondes so cute,Peoples,blondes,cute
why are blondes so,why are blondes so smart,Peoples,blondes,smart
why are blondes so,why do people want to be blonde,Peoples,blondes,why do people want to be blonde
why are blondes so,why are blondes so attractive,Peoples,blondes,attractive
why are blondes so,why does everyone want to be blonde,Peoples,blondes,why does everyone want to be blonde
why are blondes so,why are blondes more fun,Peoples,blondes,why are blondes more fun
why are blondes so,why do i find blondes so attractive,Peoples,blondes,why do i find blondes so attractive
why are blondes so,why are blondes prettier,Peoples,blondes,why are blondes prettier
why are capitalists so,why do people like capitalism,Political,capitalists,why do people like capitalism
why are capitalists so,what do capitalists do,Political,capitalists,what do capitalists do
why are capitalists so,what do capitalists believe,Political,capitalists,what do capitalists believe
why are capitalists so,why does capitalism exist,Political,capitalists,why does capitalism exist
why are capitalists so,what makes a capitalist,Political,capitalists,what makes a capitalist
why are capitalists so,what makes something capitalist,Political,capitalists,what makes something capitalist
why are capitalists so,why does capitalism work,Political,capitalists,why does capitalism work
why are capitalists so,why is capitalism so important,Political,capitalists,why is capitalism so important
why are communists so,why do people think communism works,Political,communists,why do people think communism works
why are communists so,why we need communism,Political,communists,why we need communism
why are communists so,why was communism made,Political,communists,why was communism made
why are communists so,why do people still think communism works,Political,communists,why do people still think communism works
why are communists so,why is communism important,Political,communists,why is communism important
why are communists so,reasons why communism is good,Political,communists,reasons why communism is good
why are communists so,why communism can work,Political,communists,why communism can work
why are communists so,why people support communism,Political,communists,why people support communism
why are conservatives so,why are conservatives boycotting chick fil a,Political,conservatives,why are conservatives boycotting chick fil a
why are conservatives so,why are conservatives also called tories,Political,conservatives,why are conservatives also called tories
why are conservatives so,why conservatives are right,Political,conservatives,why conservatives are right
why are conservatives so,why is the us so conservative,Political,conservatives,why is the us so conservative
why are conservatives so,why am i a conservative,Political,conservatives,why am i a conservative
why are conservatives so,why is the us becoming so conservative,Political,conservatives,why is the us becoming so conservative
why are conservatives so,how do conservatives think,Political,conservatives,how do conservatives think
why are conservatives so,what makes someone conservative,Political,conservatives,what makes someone conservative
why are immigrants so,why are immigrants so important to canada,Political,immigrants,important to canada
why are immigrants so,why are immigrants coming to us,Political,immigrants,why are immigrants coming to us
why are immigrants so,why are immigrants considered vulnerable,Political,immigrants,why are immigrants considered vulnerable
why are immigrants so,why are immigrants coming to uk,Political,immigrants,why are immigrants coming to uk
why are immigrants so,why are immigrants coming to texas,Political,immigrants,why are immigrants coming to texas
why are immigrants so,why are immigrants coming here so easily,Political,immigrants,why are immigrants coming here so easily
why are immigrants so,why are immigrants coming to us 2023,Political,immigrants,why are immigrants coming to us 2023
why are immigrants so,why are immigrants coming to america,Political,immigrants,why are immigrants coming to america
why are liberals so,why i am a liberal,Political,liberals,why i am a liberal
why are liberals so,what makes a liberal,Political,liberals,what makes a liberal
why are liberals so,what do liberals think,Political,liberals,what do liberals think
why are liberals so,what makes someone a liberal,Political,liberals,what makes someone a liberal
why are liberals so,what makes a liberal a liberal,Political,liberals,what makes a liberal a liberal
why are liberals so,why is wikipedia so liberal,Political,liberals,why is wikipedia so liberal
why are liberals so,liberals generally believed in,Political,liberals,liberals generally believed in
why are liberals so,why are people liberal and conservative,Political,liberals,why are people liberal and conservative
why are populists so,what are the populists,Political,populists,what are the populists
why are populists so,why we need populism,Political,populists,why we need populism
why are populists so,what do populists believe,Political,populists,what do populists believe
why are populists so,what did populists want,Political,populists,what did populists want
why are populists so,why is populism on the rise,Political,populists,why is populism on the rise
why are populists so,why is populism important,Political,populists,why is populism important
why are populists so,what did populists believe,Political,populists,what did populists believe
why are populists so,what did populists do,Political,populists,what did populists do
why are socialists so,why do people think socialism works,Political,socialists,why do people think socialism works
why are socialists so,why do people want socialism,Political,socialists,why do people want socialism
why are socialists so,why would anyone want socialism,Political,socialists,why would anyone want socialism
why are socialists so,why do people like socialism,Political,socialists,why do people like socialism
why are socialists so,what do socialists believe,Political,socialists,what do socialists believe
why are socialists so,why people like socialism,Political,socialists,why people like socialism
why are socialists so,why did socialism develop,Political,socialists,why did socialism develop
why are socialists so,why you should be a socialist pdf,Political,socialists,why you should be a socialist pdf
why are Trump supporters so,why was trump so popular among his supporters,Political,Trump supporters,why was trump so popular among his supporters
why are Trump supporters so,why trump's supporters stick with him,Political,Trump supporters,why trump's supporters stick with him
why are Trump supporters so,donald trump turns on his own supporters,Political,Trump supporters,donald trump turns on his own supporters
why are Trump supporters so,who are trump's supporters,Political,Trump supporters,who are trump's supporters
why are Trump supporters so,what do trump's supporters see in him,Political,Trump supporters,what do trump's supporters see in him
why are Trump supporters so,who are trumps biggest supporters,Political,Trump supporters,who are trumps biggest supporters
why are Trump supporters so,why do trumpers continue to support him,Political,Trump supporters,why do trumpers continue to support him
why are Trump supporters so,congressional supporters of trump,Political,Trump supporters,congressional supporters of trump
why are Catholics so,why be a catholic catholic answers,Religion,Catholics,why be a catholic catholic answers
why are Catholics so,why be roman catholic,Religion,Catholics,why be roman catholic
why are Catholics so,why am i a catholic,Religion,Catholics,why am i a catholic
why are Christians so,why be a christian,Religion,Christians,why be a christian
why are Christians so,reasons to be christian,Religion,Christians,reasons to be christian
why are Christians so,why be a christian today,Religion,Christians,why be a christian today
why are Christians so,why become a christian,Religion,Christians,why become a christian
why are Hindus so,why am i a hindu,Religion,Hindus,why am i a hindu
why are Hindus so,what does hindus believe,Religion,Hindus,what does hindus believe
why are Hindus so,what do the hindus believe,Religion,Hindus,what do the hindus believe
why are Jews so,why we remain jews,Religion,Jews,why we remain jews
why are Jews so,everything to know about jews,Religion,Jews,everything to know about jews
why are Jews so,why to become jewish,Religion,Jews,why to become jewish
why are Jews so,what makes someone jewish,Religion,Jews,what makes someone jewish
why are Mormons so,why were the mormons significant,Religion,Mormons,why were the mormons significant
why are Mormons so,what do people think about mormons,Religion,Mormons,what do people think about mormons
why are Mormons so,why i became mormon,Religion,Mormons,why i became mormon
why are Mormons so,what do mormons think,Religion,Mormons,what do mormons think
why are Mormons so,what to know about mormons,Religion,Mormons,what to know about mormons
why are Mormons so,the mormons believed that,Religion,Mormons,the mormons believed that
why are Muslims so,reasons to be muslim,Religion,Muslims,reasons to be muslim
why are Muslims so,why i am muslim,Religion,Muslims,why i am muslim
why are Muslims so,why become a muslim,Religion,Muslims,why become a muslim
why are Muslims so,what do muslims believe and why,Religion,Muslims,what do muslims believe and why
why are Muslims so,what makes you a muslim,Religion,Muslims,what makes you a muslim
why are Protestants so,why i became protestant,Religion,Protestants,why i became protestant
why are Protestants so,what makes someone a protestant,Religion,Protestants,what makes someone a protestant
why are Protestants so,what do protestants do,Religion,Protestants,what do protestants do
why are Protestants so,what do protestants believe,Religion,Protestants,what do protestants believe
why are Protestants so,what makes protestants different,Religion,Protestants,what makes protestants different
why are religions so,why are religions so diverse,Religion,religions,diverse
why are religions so,why are religions so similar,Religion,religions,similar
why are religions so,why are religions similar,Religion,religions,why are religions similar
why are religions so,why are there so many religions,Religion,religions,why are there so many religions
why are religions so,why do so many religions exist,Religion,religions,why do so many religions exist
why are religions so,why are there some many religions,Religion,religions,why are there some many religions
why are religions so,why are there many religions,Religion,religions,why are there many religions
why are religions so,why are there different religions,Religion,religions,why are there different religions
why are Sikhs so,what is important to sikhs,Religion,Sikhs,what is important to sikhs
why are Sikhs so,what do the sikhs believe,Religion,Sikhs,what do the sikhs believe
why are Sikhs so,what are sikhs beliefs,Religion,Sikhs,what are sikhs beliefs
why are Sikhs so,where do most sikhs live why,Religion,Sikhs,where do most sikhs live why
why are Sikhs so,what do sikhs do,Religion,Sikhs,what do sikhs do
why are Sikhs so,why is sikhism important,Religion,Sikhs,why is sikhism important
why are Sikhs so,what can't sikhs do,Religion,Sikhs,what can't sikhs do
why are Sikhs so,interesting facts about sikhs,Religion,Sikhs,interesting facts about sikhs
why are asexual people so,why am i asexual,Sexual Orientation,asexual people,why am i asexual
why are asexual people so,what causes people to be asexual,Sexual Orientation,asexual people,what causes people to be asexual
why are asexual people so,what are asexual people,Sexual Orientation,asexual people,what are asexual people
why are asexual people so,what makes a person asexual,Sexual Orientation,asexual people,what makes a person asexual
why are asexual people so,what makes someone asexual,Sexual Orientation,asexual people,what makes someone asexual
why are asexual people so,are some people asexual,Sexual Orientation,asexual people,are some people asexual
why are asexual people so,are there asexual people,Sexual Orientation,asexual people,are there asexual people
why are asexual people so,can people be asexual,Sexual Orientation,asexual people,can people be asexual
why are homosexuals so,what makes a homosexual,Sexual Orientation,homosexuals,what makes a homosexual
why are homosexuals so,what makes someone homosexual,Sexual Orientation,homosexuals,what makes someone homosexual
why are homosexuals so,what makes a person homosexual,Sexual Orientation,homosexuals,what makes a person homosexual
why are homosexuals so,what causes people to be homosexual,Sexual Orientation,homosexuals,what causes people to be homosexual
why are lesbians so,why i am a lesbian,Sexual Orientation,lesbians,why i am a lesbian
why are lesbians so,why i like being a lesbian,Sexual Orientation,lesbians,why i like being a lesbian
why are lesbians so,what makes you a lesbian,Sexual Orientation,lesbians,what makes you a lesbian
why are lesbians so,what makes a lesbian,Sexual Orientation,lesbians,what makes a lesbian
why are lesbians so,what makes someone a lesbian,Sexual Orientation,lesbians,what makes someone a lesbian
why are lesbians so,what causes women to be lesbian,Sexual Orientation,lesbians,what causes women to be lesbian
why are lesbians so,what does it mean when your lesbian,Sexual Orientation,lesbians,what does it mean when your lesbian
why are pansexual people so,people who are pansexual are,Sexual Orientation,pansexual people,people who are pansexual are
why are pansexual people so,are pansexual people attracted to pans,Sexual Orientation,pansexual people,are pansexual people attracted to pans
why are pansexual people so,what is being pansexual,Sexual Orientation,pansexual people,what is being pansexual
why are pansexual people so,what is it to be pansexual,Sexual Orientation,pansexual people,what is it to be pansexual
why are pansexual people so,what does it mean when your pansexual,Sexual Orientation,pansexual people,what does it mean when your pansexual
why are pansexual people so,does pansexual mean you like everyone,Sexual Orientation,pansexual people,does pansexual mean you like everyone
why are pansexual people so,why is it called pansexual,Sexual Orientation,pansexual people,why is it called pansexual
why are queer people so,what makes you queer,Sexual Orientation,queer people,what makes you queer
why are queer people so,what does it mean when your queer,Sexual Orientation,queer people,what does it mean when your queer
