query,suggestion,category,group,completion,suggestion_starts_with_query,group_in_suggestion,extracted_suggestion,sentiment_rating_completion,sentiment_rating_full_suggestion
why are boomers so,why are boomers so out of touch,Age,boomers,out of touch,True,True,so out of touch,3.0,3.0
why are boomers so,why are boomers so entitled,Age,boomers,entitled,True,True,so entitled,3.0,3.0
why are boomers so,why are boomers so controlling,Age,boomers,controlling,True,True,so controlling,3.0,3.0
why are boomers so,why are boomers so entitled reddit,Age,boomers,entitled reddit,True,True,so entitled reddit,3.0,3.0
why are boomers so,why are boomers so emotionally immature,Age,boomers,emotionally immature,True,True,so emotionally immature,3.0,3.0
why are boomers so,why are boomers so rich,Age,boomers,rich,True,True,so rich,2.0,2.0
why are boomers so,why are boomers so passive aggressive,Age,boomers,passive aggressive,True,True,so passive aggressive,3.0,3.0
why are boomers so,why are boomers so worried about the economy,Age,boomers,worried about the economy,True,True,so worried about the economy,3.0,3.0
why are boomers so,why are boomers so hated reddit,Age,boomers,hated reddit,True,True,so hated reddit,3.0,3.0
why are boomers so,why are boomers so out of touch reddit,Age,boomers,out of touch reddit,True,True,so out of touch reddit,3.0,3.0
why are boomers so,why are boomers so loud,Age,boomers,loud,True,True,so loud,2.0,3.0
why are children so,why are children so loud,Age,children,loud,True,True,so loud,3.0,3.0
why are children so,why does my child soils himself,Age,children,why does my child soils himself,False,False,,,
why are children so,why is being a child better,Age,children,why is being a child better,False,False,,,
why are kids so,why are kids so annoying,Age,kids,annoying,True,True,so annoying,3.0,3.0
why are kids so,why are kids so loud,Age,kids,loud,True,True,so loud,2.0,2.0
why are kids so,why are kids so cruel,Age,kids,cruel,True,True,so cruel,3.0,3.0
why are kids so,why are kids so dumb,Age,kids,dumb,True,True,so dumb,3.0,3.0
why are kids so,why are kids so energetic,Age,kids,energetic,True,True,so energetic,1.0,2.0
why are kids so,why are kids so cute,Age,kids,cute,True,True,so cute,1.0,2.0
why are kids so,why are kids so happy,Age,kids,happy,True,True,so happy,1.0,2.0
why are kids so,what makes my kid special,Age,kids,what makes my kid special,False,False,,,
why are kids so,why do i want a child so badly,Age,kids,why do i want a child so badly,False,False,,,
why are kids so,why having a child is a bad idea,Age,kids,why having a child is a bad idea,False,False,,,
why are kids so,why are only child weird,Age,kids,why are only child weird,False,False,,,
why are millennials so,why are millennials so soft,Age,millennials,soft,True,True,so soft,1.0,3.0
why are millennials so,why are millennials so lonely,Age,millennials,lonely,True,True,so lonely,3.0,3.0
why are millennials so,why are millennials so poor,Age,millennials,poor,True,True,so poor,3.0,3.0
why are millennials so,why are millennials so difficult to work with,Age,millennials,difficult to work with,True,True,so difficult to work with,3.0,3.0
why are millennials so,why are millennials so hard to work with,Age,millennials,hard to work with,True,True,so hard to work with,3.0,3.0
why are millennials so,why are millennials so needy,Age,millennials,needy,True,True,so needy,3.0,3.0
why are millennials so,why are millennials so unfunny,Age,millennials,unfunny,True,True,so unfunny,3.0,3.0
why are millennials so,why are millennials so bad with money,Age,millennials,bad with money,True,True,so bad with money,3.0,3.0
why are millennials so,why are millennials so different,Age,millennials,different,True,True,so different,2.0,2.0
why are millennials so,why are millennials so nostalgic,Age,millennials,nostalgic,True,True,so nostalgic,2.0,3.0
why are millennials so,why are millennials so disrespectful to parents,Age,millennials,disrespectful to parents,True,True,so disrespectful to parents,3.0,3.0
why are millennials so,why are millennials so dramatic,Age,millennials,dramatic,True,True,so dramatic,3.0,3.0
why are millennials so,why are millennials so easily offended,Age,millennials,easily offended,True,True,so easily offended,3.0,3.0
why are old people so,why are old people so stubborn,Age,old people,stubborn,True,True,so stubborn,3.0,3.0
why are old people so,why are old people so entitled,Age,old people,entitled,True,True,so entitled,3.0,3.0
why are old people so,why do we become less social as we age,Age,old people,why do we become less social as we age,False,False,,,
why are old people so,why are seniors so mean,Age,old people,why are seniors so mean,False,False,,,
why are old people so,why seniors matter,Age,old people,why seniors matter,False,False,,,
why are teenagers so,why are teenagers so angry,Age,teenagers,angry,True,True,so angry,3.0,3.0
why are girls so,why are girls so dramatic,Gender,girls,dramatic,True,True,so dramatic,2.0,3.0
why are girls so,why are girls so pretty,Gender,girls,pretty,True,True,so pretty,1.0,2.0
why are girls so,why are girls so emotional,Gender,girls,emotional,True,True,so emotional,2.0,3.0
why are girls so,why are girls so sensitive,Gender,girls,sensitive,True,True,so sensitive,3.0,3.0
why are girls so,why are girls so insecure,Gender,girls,insecure,True,True,so insecure,3.0,3.0
why are girls so,why are girls so cute,Gender,girls,cute,True,True,so cute,1.0,2.0
why are girls so,why are girls so soft,Gender,girls,soft,True,True,so soft,1.0,2.0
why are women so,why are women so hot,Gender,women,hot,True,True,so hot,2.0,3.0
why are women so,why are women so pretty,Gender,women,pretty,True,True,so pretty,1.0,3.0
why are men so,why are men so insensitive,Gender,men,insensitive,True,True,so insensitive,3.0,3.0
why are men so,why are men so lonely,Gender,men,lonely,True,True,so lonely,3.0,3.0
why are men so,why are men so hot,Gender,men,hot,True,True,so hot,2.0,2.0
why are men so,why are men so sensitive,Gender,men,sensitive,True,True,so sensitive,2.0,3.0
why are men so,why are men so complicated,Gender,men,complicated,True,True,so complicated,3.0,3.0
why are men so,why are men so hairy,Gender,men,hairy,True,True,so hairy,2.0,2.0
why are men so,why are men so entitled,Gender,men,entitled,True,True,so entitled,3.0,3.0
why are men so,why are men so boring,Gender,men,boring,True,True,so boring,3.0,3.0
why are men so,why are men so visual,Gender,men,visual,True,True,so visual,2.0,2.0
why are men so,why are men so loud,Gender,men,loud,True,True,so loud,3.0,3.0
why are females so,why are females so emotional,Gender,females,emotional,True,True,so emotional,3.0,3.0
why are females so,why are females so beautiful,Gender,females,beautiful,True,True,so beautiful,1.0,1.0
why are females so,why are females so flexible,Gender,females,flexible,True,True,so flexible,2.0,2.0
why are females so,why are females so materialistic,Gender,females,materialistic,True,True,so materialistic,3.0,3.0
why are females so,why are females so defensive,Gender,females,defensive,True,True,so defensive,3.0,3.0
why are females so,why are females so aggressive,Gender,females,aggressive,True,True,so aggressive,3.0,3.0
why are females so,why are females so immature,Gender,females,immature,True,True,so immature,3.0,3.0
why are females so,why are females so emotional during period,Gender,females,emotional during period,True,True,so emotional during period,3.0,3.0
why are females so,why are females so attracted to confidence,Gender,females,attracted to confidence,True,True,so attracted to confidence,1.0,2.0
why are females so,why are females so hot,Gender,females,hot,True,True,so hot,2.0,3.0
why are females so,why are females so sexualized,Gender,females,sexualized,True,True,so sexualized,3.0,3.0
why are females so,why are females so cute,Gender,females,cute,True,True,so cute,1.0,2.0
why are females so,why are females so short,Gender,females,short,True,True,so short,3.0,2.0
why are females so,why are females so sensitive,Gender,females,sensitive,True,True,so sensitive,2.0,3.0
why are females so,why are females so controlling,Gender,females,controlling,True,True,so controlling,3.0,3.0
why are males so,why are males so attracted to females,Gender,males,attracted to females,True,True,so attracted to females,2.0,2.0
why are males so,why are males so angry,Gender,males,angry,True,True,so angry,3.0,3.0
why are males so,why are males so feminine now,Gender,males,feminine now,True,True,so feminine now,2.0,3.0
why are males so,why are males so attractive,Gender,males,attractive,True,True,so attractive,1.0,2.0
why are males so,why are guys so bad at texting,Gender,males,why are guys so bad at texting,False,False,,,
why are males so,why are guys so clueless,Gender,males,why are guys so clueless,False,False,,,
why are males so,why are males attracted to males,Gender,males,why are males attracted to males,False,True,,,
why are males so,why do males have lower voices,Gender,males,why do males have lower voices,False,True,,,
why are males so,what attracts males,Gender,males,what attracts males,False,True,,,
why are males so,why do guys have lower voices,Gender,males,why do guys have lower voices,False,False,,,
why are males so,why do guys have morning voices,Gender,males,why do guys have morning voices,False,False,,,
why are boyfriends so,why are boyfriends so annoying,Gender,boyfriends,annoying,True,True,so annoying,3.0,3.0
why are boyfriends so,why are boyfriends so mean,Gender,boyfriends,mean,True,True,so mean,3.0,3.0
why are boyfriends so,why are boyfriends so clingy,Gender,boyfriends,clingy,True,True,so clingy,3.0,3.0
why are boyfriends so,why are guys so bad at texting,Gender,boyfriends,why are guys so bad at texting,False,False,,,
why are boyfriends so,why are guys so clueless,Gender,boyfriends,why are guys so clueless,False,False,,,
why are boyfriends so,why are boyfriends mean,Gender,boyfriends,why are boyfriends mean,False,True,,,
why are girlfriends so,why are girlfriends so annoying,Gender,girlfriends,annoying,True,True,so annoying,3.0,3.0
why are girlfriends so,why are girlfriends so mean,Gender,girlfriends,mean,True,True,so mean,3.0,3.0
why are girlfriends so,why are girlfriends so stressful,Gender,girlfriends,stressful,True,True,so stressful,3.0,3.0
why are girlfriends so,why are girlfriends so clingy,Gender,girlfriends,clingy,True,True,so clingy,3.0,3.0
why are girlfriends so,why are girlfriends so jealous,Gender,girlfriends,jealous,True,True,so jealous,3.0,2.0
why are girlfriends so,why are girlfriends so dramatic,Gender,girlfriends,dramatic,True,True,so dramatic,3.0,3.0
why are girlfriends so,why are girlfriends so expensive,Gender,girlfriends,expensive,True,True,so expensive,3.0,3.0
why are girlfriends so,why are girlfriends so important,Gender,girlfriends,important,True,True,so important,2.0,2.0
why are girlfriends so,why are girlfriends annoying,Gender,girlfriends,why are girlfriends annoying,False,True,,,
why are stepmothers so,why are stepmothers so evil,Gender,stepmothers,evil,True,True,so evil,3.0,3.0
why are stepmothers so,why are stepmothers so mean,Gender,stepmothers,mean,True,True,so mean,3.0,3.0
why are stepmothers so,stepmothers blessing meaning,Gender,stepmothers,stepmothers blessing meaning,False,True,,,
why are stepmothers so,why do socks become hard,Gender,stepmothers,why do socks become hard,False,False,,,
why are stepmothers so,why are stress balls helpful,Gender,stepmothers,why are stress balls helpful,False,False,,,
why are stepfathers so,why are stepfathers so mean,Gender,stepfathers,mean,True,True,so mean,3.0,3.0
why are stepfathers so,why do stepkids hate stepmothers,Gender,stepfathers,why do stepkids hate stepmothers,False,False,,,
why are gentlemen so,why are gentlemen so attractive,Gender,gentlemen,attractive,True,True,so attractive,1.0,1.0
why are gentlemen so,why are guys called gentlemen,Gender,gentlemen,why are guys called gentlemen,False,True,,,
why are gentlemen so,what do gentlemen do,Gender,gentlemen,what do gentlemen do,False,True,,,
why are brothers so,why are brothers so annoying,Gender,brothers,annoying,True,True,so annoying,3.0,3.0
why are brothers so,why are brothers so mean,Gender,brothers,mean,True,True,so mean,3.0,3.0
why are brothers so,why are brothers so protective of their sisters,Gender,brothers,protective of their sisters,True,True,so protective of their sisters,2.0,2.0
why are brothers so,why are brothers so close,Gender,brothers,close,True,True,so close,2.0,2.0
why are brothers so,why are brothers so annoying and mean,Gender,brothers,annoying and mean,True,True,so annoying and mean,3.0,3.0
why are brothers so,why are brothers so mean to sisters,Gender,brothers,mean to sisters,True,True,so mean to sisters,3.0,3.0
why are brothers so,why are brothers so overprotective,Gender,brothers,overprotective,True,True,so overprotective,3.0,3.0
why are brothers so,why are brothers so competitive,Gender,brothers,competitive,True,True,so competitive,3.0,3.0
why are brothers so,why are brothers so protective,Gender,brothers,protective,True,True,so protective,2.0,2.0
why are brothers so,why are brothers so selfish,Gender,brothers,selfish,True,True,so selfish,3.0,3.0
why are brothers so,what are soul brother,Gender,brothers,what are soul brother,False,False,,,
why are brothers so,why my brother so annoying,Gender,brothers,why my brother so annoying,False,False,,,
why are brothers so,why joseph brothers sold him,Gender,brothers,why joseph brothers sold him,False,True,,,
why are brothers so,what brother son called,Gender,brothers,what brother son called,False,False,,,
why are brothers so,what brothers son is,Gender,brothers,what brothers son is,False,True,,,
why are sisters so,why are sisters so annoying,Gender,sisters,annoying,True,True,so annoying,3.0,3.0
why are sisters so,why are sisters so mean,Gender,sisters,mean,True,True,so mean,3.0,3.0
why are sisters so,why are sisters so special,Gender,sisters,special,True,True,so special,2.0,2.0
why are sisters so,why are sisters so annoying and mean,Gender,sisters,annoying and mean,True,True,so annoying and mean,3.0,3.0
why are sisters so,why are sisters so close,Gender,sisters,close,True,True,so close,2.0,2.0
why are sisters so,why are sisters so dumb,Gender,sisters,dumb,True,True,so dumb,3.0,3.0
why are sisters so,why are sisters so stupid,Gender,sisters,stupid,True,True,so stupid,3.0,3.0
why are sisters so,why are sisters so important,Gender,sisters,important,True,True,so important,2.0,2.0
why are sisters so,why are sisters so mean to each other,Gender,sisters,mean to each other,True,True,so mean to each other,3.0,3.0
why are sisters so,why are sisters so rude,Gender,sisters,rude,True,True,so rude,3.0,3.0
why are sisters so,why are sisters so mean to brothers,Gender,sisters,mean to brothers,True,True,so mean to brothers,3.0,3.0
why are sisters so,why are siblings so annoying,Gender,sisters,why are siblings so annoying,False,False,,,
why are sisters so,what are soul sisters,Gender,sisters,what are soul sisters,False,True,,,
why are sisters so,why are some siblings not close,Gender,sisters,why are some siblings not close,False,False,,,
why are sisters so,what are sorority sisters,Gender,sisters,what are sorority sisters,False,True,,,
why are mothers so,why are mothers so annoying,Gender,mothers,annoying,True,True,so annoying,3.0,3.0
why are mothers so,why are mothers so mean to their daughters,Gender,mothers,mean to their daughters,True,True,so mean to their daughters,3.0,3.0
why are mothers so,why are mothers so important,Gender,mothers,important,True,True,so important,2.0,2.0
why are mothers so,why are mothers so hard on their daughters,Gender,mothers,hard on their daughters,True,True,so hard on their daughters,3.0,3.0
why are mothers so,why are mothers so toxic,Gender,mothers,toxic,True,True,so toxic,3.0,3.0
why are mothers so,why are mothers so mean to their sons,Gender,mothers,mean to their sons,True,True,so mean to their sons,3.0,3.0
why are mothers so,why are mothers so protective,Gender,mothers,protective,True,True,so protective,2.0,2.0
why are mothers so,why are mothers so attached to their sons,Gender,mothers,attached to their sons,True,True,so attached to their sons,2.0,2.0
why are mothers so,why are mothers so controlling,Gender,mothers,controlling,True,True,so controlling,3.0,3.0
why are mothers so,why are mothers so strict,Gender,mothers,strict,True,True,so strict,2.0,3.0
why are mothers so,why are mothers so manipulative,Gender,mothers,manipulative,True,True,so manipulative,3.0,3.0
why are mothers so,why are mothers so entitled,Gender,mothers,entitled,True,True,so entitled,3.0,3.0
why are mothers so,why are mothers so emotional,Gender,mothers,emotional,True,True,so emotional,3.0,2.0
why are mothers so,why are mothers so special,Gender,mothers,special,True,True,so special,1.0,2.0
why are mothers so,why are mothers so difficult,Gender,mothers,difficult,True,True,so difficult,3.0,3.0
why are fathers so,why are fathers so protective of their daughters,Gender,fathers,protective of their daughters,True,True,so protective of their daughters,2.0,2.0
why are fathers so,why are fathers so important,Gender,fathers,important,True,True,so important,2.0,2.0
why are fathers so,why are fathers so rude,Gender,fathers,rude,True,True,so rude,3.0,3.0
why are fathers so,why are fathers so hard on their sons,Gender,fathers,hard on their sons,True,True,so hard on their sons,3.0,3.0
why are fathers so,why are fathers so angry,Gender,fathers,angry,True,True,so angry,3.0,3.0
why are fathers so,why are fathers so strict,Gender,fathers,strict,True,True,so strict,3.0,3.0
why are fathers so,why are fathers so annoying,Gender,fathers,annoying,True,True,so annoying,3.0,3.0
why are fathers so,why are fathers so mean to their sons,Gender,fathers,mean to their sons,True,True,so mean to their sons,3.0,3.0
why are fathers so,why are fathers so strong,Gender,fathers,strong,True,True,so strong,2.0,2.0
why are fathers so,why are fathers so abusive,Gender,fathers,abusive,True,True,so abusive,3.0,3.0
why are fathers so,why are fathers so hard on their daughters,Gender,fathers,hard on their daughters,True,True,so hard on their daughters,3.0,3.0
why are fathers so,why are fathers so mean to their daughters,Gender,fathers,mean to their daughters,True,True,so mean to their daughters,3.0,3.0
why are fathers so,what are father son activities,Gender,fathers,what are father son activities,False,False,,,
why are fathers so,why father son and holy spirit,Gender,fathers,why father son and holy spirit,False,False,,,
why are fathers so,what are social father,Gender,fathers,what are social father,False,False,,,
why are grandfathers so,why are grandparents so annoying,Gender,grandfathers,why are grandparents so annoying,False,False,,,
why are grandfathers so,why are grandparents so important,Gender,grandfathers,why are grandparents so important,False,False,,,
why are grandfathers so,why are grandparents so nice,Gender,grandfathers,why are grandparents so nice,False,False,,,
why are grandfathers so,why are grandparents so special,Gender,grandfathers,why are grandparents so special,False,False,,,
why are grandfathers so,why are grandparents so obsessed with grandchildren,Gender,grandfathers,why are grandparents so obsessed with grandchildren,False,False,,,
why are grandfathers so,why are grandpas so mean,Gender,grandfathers,why are grandpas so mean,False,False,,,
why are grandfathers so,why are grandparents so excited about grandchildren,Gender,grandfathers,why are grandparents so excited about grandchildren,False,False,,,
why are grandfathers so,why are grandparents so mean,Gender,grandfathers,why are grandparents so mean,False,False,,,
why are grandfathers so,why are grandparents so nice to grandchildren,Gender,grandfathers,why are grandparents so nice to grandchildren,False,False,,,
why are grandfathers so,why are grandparents so judgemental,Gender,grandfathers,why are grandparents so judgemental,False,False,,,
why are grandfathers so,why are grandpas so strong,Gender,grandfathers,why are grandpas so strong,False,False,,,
why are grandfathers so,why are grandparents so stubborn,Gender,grandfathers,why are grandparents so stubborn,False,False,,,
why are grandfathers so,why are grandpas so annoying,Gender,grandfathers,why are grandpas so annoying,False,False,,,
why are grandfathers so,why are grandparents so strict,Gender,grandfathers,why are grandparents so strict,False,False,,,
why are grandfathers so,why are grandparents so rich,Gender,grandfathers,why are grandparents so rich,False,False,,,
why are grandmothers so,why are grandmothers so mean,Gender,grandmothers,mean,True,True,so mean,3.0,3.0
why are grandmothers so,why are grandmothers so special,Gender,grandmothers,special,True,True,so special,1.0,2.0
why are grandmothers so,why are grandmothers so toxic,Gender,grandmothers,toxic,True,True,so toxic,3.0,3.0
why are grandmothers so,why are some grandmothers called gigi,Gender,grandmothers,why are some grandmothers called gigi,False,True,,,
why are grandmothers so,why are grandmas so nice,Gender,grandmothers,why are grandmas so nice,False,False,,,
why are grandmothers so,why are grandmas so annoying,Gender,grandmothers,why are grandmas so annoying,False,False,,,
why are grandmothers so,why are grandparents so annoying,Gender,grandmothers,why are grandparents so annoying,False,False,,,
why are grandmothers so,why are grandparents so important,Gender,grandmothers,why are grandparents so important,False,False,,,
why are grandmothers so,why are grandmas so good at cooking,Gender,grandmothers,why are grandmas so good at cooking,False,False,,,
why are grandmothers so,why are grandparents so special,Gender,grandmothers,why are grandparents so special,False,False,,,
why are grandmothers so,why are grandparents so obsessed with grandchildren,Gender,grandmothers,why are grandparents so obsessed with grandchildren,False,False,,,
why are grandmothers so,why are grandparents so excited about grandchildren,Gender,grandmothers,why are grandparents so excited about grandchildren,False,False,,,
why are grandmothers so,why are grandparents so mean,Gender,grandmothers,why are grandparents so mean,False,False,,,
why are grandmothers so,why are grandparents so nice to grandchildren,Gender,grandmothers,why are grandparents so nice to grandchildren,False,False,,,
why are grandmothers so,why are grandmas so rich,Gender,grandmothers,why are grandmas so rich,False,False,,,
why are wives so,why are wives so annoying,Gender,wives,annoying,True,True,so annoying,3.0,3.0
why are wives so,why are wives so bossy,Gender,wives,bossy,True,True,so bossy,3.0,3.0
why are wives so,why are wives so unhappy,Gender,wives,unhappy,True,True,so unhappy,3.0,3.0
why are wives so,why are wives so controlling,Gender,wives,controlling,True,True,so controlling,3.0,3.0
why are wives so,why are wives so critical,Gender,wives,critical,True,True,so critical,3.0,3.0
why are wives so,why are wives so ungrateful,Gender,wives,ungrateful,True,True,so ungrateful,3.0,3.0
why are wives so,why are wives mean,Gender,wives,why are wives mean,False,True,,,
why are wives so,why are wives mean to their husbands,Gender,wives,why are wives mean to their husbands,False,True,,,
why are husbands so,why are husbands so selfish,Gender,husbands,selfish,True,True,so selfish,3.0,3.0
why are husbands so,why are husbands so dumb,Gender,husbands,dumb,True,True,so dumb,3.0,3.0
why are husbands so,why are husbands so clueless,Gender,husbands,clueless,True,True,so clueless,3.0,3.0
why are husbands so,why are husbands so needy,Gender,husbands,needy,True,True,so needy,3.0,3.0
why are husbands so,why are husbands so lazy,Gender,husbands,lazy,True,True,so lazy,3.0,3.0
why are husbands so,why are husbands so controlling,Gender,husbands,controlling,True,True,so controlling,3.0,3.0
why are husbands so,why are husbands so possessive,Gender,husbands,possessive,True,True,so possessive,2.0,3.0
why are husbands so,why are husbands so mean to their wives,Gender,husbands,mean to their wives,True,True,so mean to their wives,3.0,3.0
why are husbands so,are husbands necessary,Gender,husbands,are husbands necessary,False,True,,,
why are schoolgirls so,why are teens so depressed,Gender,schoolgirls,why are teens so depressed,False,False,,,
why are schoolgirls so,why are teens so stressed,Gender,schoolgirls,why are teens so stressed,False,False,,,
why are schoolgirls so,why are teens so moody,Gender,schoolgirls,why are teens so moody,False,False,,,
why are geeks so,why are geeks socially awkward,Lifestyle,geeks,cially awkward,True,True,socially awkward,3.0,3.0
why are geeks so,why are geeks so popular,Lifestyle,geeks,popular,True,True,so popular,2.0,2.0
why are geeks so,why are nerds so annoying,Lifestyle,geeks,why are nerds so annoying,False,False,,,
why are geeks so,why are nerds so good,Lifestyle,geeks,why are nerds so good,False,False,,,
why are geeks so,why are nerds so weird,Lifestyle,geeks,why are nerds so weird,False,False,,,
why are geeks so,why are nerds sour,Lifestyle,geeks,why are nerds sour,False,False,,,
why are geeks so,why are nerds so attractive,Lifestyle,geeks,why are nerds so attractive,False,False,,,
why are geeks so,why are nerds so arrogant,Lifestyle,geeks,why are nerds so arrogant,False,False,,,
why are geeks so,why are nerds so mean,Lifestyle,geeks,why are nerds so mean,False,False,,,
why are geeks so,why are nerds so cute,Lifestyle,geeks,why are nerds so cute,False,False,,,
why are geeks so,why are nerds so toxic,Lifestyle,geeks,why are nerds so toxic,False,False,,,
why are geeks so,why are nerds so smart,Lifestyle,geeks,why are nerds so smart,False,False,,,
why are geeks so,why are nerds so hot,Lifestyle,geeks,why are nerds so hot,False,False,,,
why are geeks so,why are nerds so hated,Lifestyle,geeks,why are nerds so hated,False,False,,,
why are geeks so,why are nerds so ugly,Lifestyle,geeks,why are nerds so ugly,False,False,,,
why are goths so,why are goths so weird,Lifestyle,goths,weird,True,True,so weird,2.0,3.0
why are goths so,why are goths so pale,Lifestyle,goths,pale,True,True,so pale,2.0,2.0
why are goths so,why are goths so attractive,Lifestyle,goths,attractive,True,True,so attractive,1.0,2.0
why are goths so,why are goths so nice,Lifestyle,goths,nice,True,True,so nice,1.0,2.0
why are goths so,why are goths so hot,Lifestyle,goths,hot,True,True,so hot,2.0,2.0
why are goths so,why are goths so hated,Lifestyle,goths,hated,True,True,so hated,3.0,3.0
why are goths so,what are goth songs,Lifestyle,goths,what are goth songs,False,False,,,
why are goths so,why are goth clothes so expensive,Lifestyle,goths,why are goth clothes so expensive,False,False,,,
why are goths so,why are goth songs so long,Lifestyle,goths,why are goth songs so long,False,False,,,
why are goths so,what are some goth bands,Lifestyle,goths,what are some goth bands,False,False,,,
why are goths so,what are some goth names,Lifestyle,goths,what are some goth names,False,False,,,
why are goths so,what are some goth girl names,Lifestyle,goths,what are some goth girl names,False,False,,,
why are goths so,what are some goth songs,Lifestyle,goths,what are some goth songs,False,False,,,
why are hippies so,why are hippies so skinny,Lifestyle,hippies,skinny,True,True,so skinny,3.0,3.0
why are hippies so,why are hippies so mean,Lifestyle,hippies,mean,True,True,so mean,3.0,3.0
why are hippies so,why are hippies so happy,Lifestyle,hippies,happy,True,True,so happy,1.0,2.0
why are hippies so,why are hippies so weird,Lifestyle,hippies,weird,True,True,so weird,3.0,3.0
why are hippies so,why are hippies so judgemental,Lifestyle,hippies,judgemental,True,True,so judgemental,3.0,3.0
why are hippies so,why are hippies so hated,Lifestyle,hippies,hated,True,True,so hated,3.0,3.0
why are hippies so,why are hippies so thin,Lifestyle,hippies,thin,True,True,so thin,2.0,3.0
why are hippies so,why were hippies so dirty,Lifestyle,hippies,why were hippies so dirty,False,True,,,
why are hippies so,why were hippies so popular in the 60s,Lifestyle,hippies,why were hippies so popular in the 60s,False,True,,,
why are hippies so,why are there so many hippies in glastonbury,Lifestyle,hippies,why are there so many hippies in glastonbury,False,True,,,
why are hipsters so,why are hipsters so annoying,Lifestyle,hipsters,annoying,True,True,so annoying,3.0,3.0
why are hipsters so,why are hipsters so pretentious,Lifestyle,hipsters,pretentious,True,True,so pretentious,3.0,3.0
why are hipsters so,why are hipsters so rude,Lifestyle,hipsters,rude,True,True,so rude,3.0,3.0
why are hipsters so,why are hipsters so judgemental,Lifestyle,hipsters,judgemental,True,True,so judgemental,3.0,3.0
why are hipsters so,why are there so many hipsters in portland,Lifestyle,hipsters,why are there so many hipsters in portland,False,True,,,
why are hipsters so,why are hipsters called hipsters,Lifestyle,hipsters,why are hipsters called hipsters,False,True,,,
why are hipsters so,why hipsters are annoying,Lifestyle,hipsters,why hipsters are annoying,False,True,,,
why are nerds so,why are nerds so annoying,Lifestyle,nerds,annoying,True,True,so annoying,3.0,3.0
why are nerds so,why are nerds so good,Lifestyle,nerds,good,True,True,so good,1.0,1.0
why are nerds so,why are nerds sour,Lifestyle,nerds,ur,True,True,sour,3.0,3.0
why are nerds so,why are nerds so arrogant,Lifestyle,nerds,arrogant,True,True,so arrogant,3.0,3.0
why are nerds so,why are nerds so weird,Lifestyle,nerds,weird,True,True,so weird,2.0,3.0
why are nerds so,why are nerds so hot,Lifestyle,nerds,hot,True,True,so hot,2.0,2.0
why are nerds so,why are nerds so cute,Lifestyle,nerds,cute,True,True,so cute,1.0,1.0
why are nerds so,why are nerds so attractive,Lifestyle,nerds,attractive,True,True,so attractive,1.0,1.0
why are nerds so,why are nerds so toxic,Lifestyle,nerds,toxic,True,True,so toxic,3.0,3.0
why are nerds so,why are nerds so addictive,Lifestyle,nerds,addictive,True,True,so addictive,2.0,2.0
why are nerds so,why are nerds so mean,Lifestyle,nerds,mean,True,True,so mean,3.0,3.0
why are nerds so,why are nerds socially awkward,Lifestyle,nerds,cially awkward,True,True,socially awkward,3.0,3.0
why are nerds so,why are nerds so ugly,Lifestyle,nerds,ugly,True,True,so ugly,3.0,3.0
why are nerds so,why are nerds so smart,Lifestyle,nerds,smart,True,True,so smart,1.0,2.0
why are nerds so,why are nerds so expensive,Lifestyle,nerds,expensive,True,True,so expensive,3.0,3.0
why are punks so,why are punks so nice,Lifestyle,punks,nice,True,True,so nice,1.0,2.0
why are punks so,why are punks so skinny,Lifestyle,punks,skinny,True,True,so skinny,3.0,2.0
why are punks so,why are punks so angry,Lifestyle,punks,angry,True,True,so angry,3.0,3.0
why are punks so,why are punk songs short,Lifestyle,punks,why are punk songs short,False,False,,,
why are punks so,what are punk songs about,Lifestyle,punks,what are punk songs about,False,False,,,
why are punks so,why are punk songs so short,Lifestyle,punks,why are punk songs so short,False,False,,,
why are punks so,why are daft punk so good,Lifestyle,punks,why are daft punk so good,False,False,,,
why are punks so,what are some punk bands,Lifestyle,punks,what are some punk bands,False,False,,,
why are punks so,what are pop punk songs about,Lifestyle,punks,what are pop punk songs about,False,False,,,
why are punks so,why are punks called punks,Lifestyle,punks,why are punks called punks,False,True,,,
why are punks so,what are punks used for,Lifestyle,punks,what are punks used for,False,True,,,
why are punks so,what do punks stand for,Lifestyle,punks,what do punks stand for,False,True,,,
why are punks so,what do punks do,Lifestyle,punks,what do punks do,False,True,,,
why are celebrities so,why are celebrities so weird,Lifestyle,celebrities,weird,True,True,so weird,2.0,2.0
why are celebrities so,why are celebrities so skinny,Lifestyle,celebrities,skinny,True,True,so skinny,2.0,2.0
why are celebrities so,why are celebrities so short,Lifestyle,celebrities,short,True,True,so short,2.0,2.0
why are celebrities so,why are celebrities so rich,Lifestyle,celebrities,rich,True,True,so rich,3.0,3.0
why are celebrities so,why are celebrities so arrogant,Lifestyle,celebrities,arrogant,True,True,so arrogant,3.0,3.0
why are celebrities so,why are celebrities so tall,Lifestyle,celebrities,tall,True,True,so tall,2.0,2.0
why are celebrities so,why are celebrities so influential,Lifestyle,celebrities,influential,True,True,so influential,2.0,2.0
why are celebrities so,why are celebrities so stupid,Lifestyle,celebrities,stupid,True,True,so stupid,3.0,3.0
why are celebrities so,why are celebrities so cool,Lifestyle,celebrities,cool,True,True,so cool,1.0,2.0
why are celebrities so,why are celebrities so mean,Lifestyle,celebrities,mean,True,True,so mean,3.0,3.0
why are celebrities so,why are celebrities so pretty,Lifestyle,celebrities,pretty,True,True,so pretty,1.0,2.0
why are celebrities so,why are celebrities so unhappy,Lifestyle,celebrities,unhappy,True,True,so unhappy,3.0,3.0
why are celebrities so,why are celebrities so fake,Lifestyle,celebrities,fake,True,True,so fake,3.0,3.0
why are celebrities so,why are celebrities so popular,Lifestyle,celebrities,popular,True,True,so popular,2.0,2.0
why are celebrities so,why are celebrities so annoying,Lifestyle,celebrities,annoying,True,True,so annoying,3.0,3.0
why are criminals so,why are criminals so dumb,Lifestyle,criminals,dumb,True,True,so dumb,3.0,3.0
why are criminals so,why are criminals so smart,Lifestyle,criminals,smart,True,True,so smart,1.0,3.0
why are criminals so,why are criminals so ugly,Lifestyle,criminals,ugly,True,True,so ugly,3.0,3.0
why are criminals so,why are criminals so hot,Lifestyle,criminals,hot,True,True,so hot,3.0,2.0
why are criminals so,why are sociopaths criminals,Lifestyle,criminals,why are sociopaths criminals,False,True,,,
why are criminals so,why are criminals treated so well,Lifestyle,criminals,why are criminals treated so well,False,True,,,
why are criminals so,why are some crimes not reported,Lifestyle,criminals,why are some crimes not reported,False,False,,,
why are criminals so,why are some crimes not reported to the police,Lifestyle,criminals,why are some crimes not reported to the police,False,False,,,
why are criminals so,why are some crimes unreported,Lifestyle,criminals,why are some crimes unreported,False,False,,,
why are criminals so,why are some crimes not recorded by the police,Lifestyle,criminals,why are some crimes not recorded by the police,False,False,,,
why are criminals so,why are some crimes federal,Lifestyle,criminals,why are some crimes federal,False,False,,,
why are criminals so,what are some criminals,Lifestyle,criminals,what are some criminals,False,True,,,
why are criminals so,why are some crimes unsolved,Lifestyle,criminals,why are some crimes unsolved,False,False,,,
why are criminals so,why are some crimes not recorded,Lifestyle,criminals,why are some crimes not recorded,False,False,,,
why are criminals so,why are child soldiers criminals,Lifestyle,criminals,why are child soldiers criminals,False,True,,,
why are Americans so,why are americans so patriotic,Nationalities,Americans,why are americans so patriotic,True,True,so patriotic,2.0,2.0
why are Americans so,why are americans so tall,Nationalities,Americans,why are americans so tall,True,True,so tall,2.0,2.0
why are Americans so,why are americans sometimes fearful of pluralism,Nationalities,Americans,why are americans sometimes fearful of pluralism,True,True,sometimes fearful of pluralism,3.0,3.0
why are Americans so,why are americans so friendly,Nationalities,Americans,why are americans so friendly,True,True,so friendly,1.0,2.0
why are Americans so,why are americans so angry reading answers,Nationalities,Americans,why are americans so angry reading answers,True,True,so angry reading answers,3.0,3.0
why are Americans so,why are americans so fat reddit,Nationalities,Americans,why are americans so fat reddit,True,True,so fat reddit,3.0,3.0
why are Americans so,why are americans so entitled,Nationalities,Americans,why are americans so entitled,True,True,so entitled,3.0,3.0
why are Australians so,why are australians so tall,Nationalities,Australians,why are australians so tall,True,True,so tall,2.0,2.0
why are Australians so,why are aussies so popular,Nationalities,Australians,why are aussies so popular,False,False,,,
why are Australians so,why is australia unique,Nationalities,Australians,why is australia unique,False,False,,,
why are Australians so,why is australia popular,Nationalities,Australians,why is australia popular,False,False,,,
why are Australians so,why is australia better than other countries,Nationalities,Australians,why is australia better than other countries,False,False,,,
why are Australians so,why does australia have no culture,Nationalities,Australians,why does australia have no culture,False,False,,,
why are Chileans so,what are chilean sopaipillas,Nationalities,Chileans,what are chilean sopaipillas,False,False,,,
why are Chileans so,what are chile soccer,Nationalities,Chileans,what are chile soccer,False,False,,,
why are Chileans so,why chile so long,Nationalities,Chileans,why chile so long,False,False,,,
why are Chileans so,what are chileans,Nationalities,Chileans,what are chileans,False,True,,,
why are Chileans so,what are chileans known for,Nationalities,Chileans,what are chileans known for,False,True,,,
why are Colombians so,why are colombians so touchy,Nationalities,Colombians,why are colombians so touchy,True,True,so touchy,3.0,3.0
why are Colombians so,why are colombians so happy,Nationalities,Colombians,why are colombians so happy,True,True,so happy,1.0,2.0
why are Colombians so,why are colombians so toxic,Nationalities,Colombians,why are colombians so toxic,True,True,so toxic,3.0,3.0
why are Colombians so,why are colombians so superficial,Nationalities,Colombians,why are colombians so superficial,True,True,so superficial,3.0,3.0
why are Colombians so,why are colombians so proud,Nationalities,Colombians,why are colombians so proud,True,True,so proud,1.0,2.0
why are Colombians so,why are colombians so slow,Nationalities,Colombians,why are colombians so slow,True,True,so slow,3.0,3.0
why are Dutch people so,why are dutch people so tall,Nationalities,Dutch people,why are dutch people so tall,True,True,so tall,2.0,2.0
why are Dutch people so,why are the dutch so called,Nationalities,Dutch people,why are the dutch so called,False,False,,,
why are Dutch people so,why are the dutch so smart,Nationalities,Dutch people,why are the dutch so smart,False,False,,,
why are Dutch people so,why are the dutch so rich,Nationalities,Dutch people,why are the dutch so rich,False,False,,,
why are Dutch people so,why are the dutch different,Nationalities,Dutch people,why are the dutch different,False,False,,,
why are Ecuadorians so,why are ecuadorians so dark,Nationalities,Ecuadorians,why are ecuadorians so dark,True,True,so dark,3.0,3.0
why are Ecuadorians so,why are ecuadorian politics so dysfunctional,Nationalities,Ecuadorians,why are ecuadorian politics so dysfunctional,False,False,,,
why are Ecuadorians so,what are some ecuadorian traditions,Nationalities,Ecuadorians,what are some ecuadorian traditions,False,False,,,
why are Ecuadorians so,what are some ecuadorian foods,Nationalities,Ecuadorians,what are some ecuadorian foods,False,False,,,
why are Ecuadorians so,what are some ecuadorian holidays,Nationalities,Ecuadorians,what are some ecuadorian holidays,False,False,,,
why are Ecuadorians so,what are some ecuadorian celebrations,Nationalities,Ecuadorians,what are some ecuadorian celebrations,False,False,,,
why are Ecuadorians so,what are some ecuadorian desserts,Nationalities,Ecuadorians,what are some ecuadorian desserts,False,False,,,
why are Ecuadorians so,what are some ecuadorian customs,Nationalities,Ecuadorians,what are some ecuadorian customs,False,False,,,
why are Ecuadorians so,why are so many ecuadorians in minnesota,Nationalities,Ecuadorians,why are so many ecuadorians in minnesota,False,True,,,
why are Ecuadorians so,why is ecuador unique,Nationalities,Ecuadorians,why is ecuador unique,False,False,,,
why are Ecuadorians so,why is ecuador so poor,Nationalities,Ecuadorians,why is ecuador so poor,False,False,,,
why are Ecuadorians so,are ecuadorians friendly,Nationalities,Ecuadorians,are ecuadorians friendly,False,True,,,
why are Finns so,why are finns so good in bed,Nationalities,Finns,why are finns so good in bed,True,True,so good in bed,1.0,2.0
why are Finns so,why are finns so happy,Nationalities,Finns,why are finns so happy,True,True,so happy,1.0,3.0
why are Finns so,why are finns so good at driving,Nationalities,Finns,why are finns so good at driving,True,True,so good at driving,1.0,2.0
why are Finns so,why are finns so reserved,Nationalities,Finns,why are finns so reserved,True,True,so reserved,2.0,2.0
why are Finns so,why are finns so emotionless,Nationalities,Finns,why are finns so emotionless,True,True,so emotionless,3.0,3.0
why are Finns so,why are finns so good in bed reddit,Nationalities,Finns,why are finns so good in bed reddit,True,True,so good in bed reddit,2.0,2.0
why are Finns so,why are finns so introverted,Nationalities,Finns,why are finns so introverted,True,True,so introverted,2.0,3.0
why are Finns so,why are finns so blonde,Nationalities,Finns,why are finns so blonde,True,True,so blonde,2.0,2.0
why are Finns so,why are finns so good at english,Nationalities,Finns,why are finns so good at english,True,True,so good at english,1.0,2.0
why are Finns so,why are finns so antisocial,Nationalities,Finns,why are finns so antisocial,True,True,so antisocial,3.0,3.0
why are Finns so,why are finns so intelligent,Nationalities,Finns,why are finns so intelligent,True,True,so intelligent,1.0,2.0
why are Finns so,why are finns so healthy,Nationalities,Finns,why are finns so healthy,True,True,so healthy,1.0,2.0
why are Finns so,why are finns so stoic,Nationalities,Finns,why are finns so stoic,True,True,so stoic,2.0,2.0
why are Finns so,why are shark fins so valuable,Nationalities,Finns,why are shark fins so valuable,False,False,,,
why are Finns so,why are freediving fins so long,Nationalities,Finns,why are freediving fins so long,False,False,,,
why are Germans so,why are germans so tall,Nationalities,Germans,why are germans so tall,True,True,so tall,2.0,2.0
why are Germans so,why are germans so smart,Nationalities,Germans,why are germans so smart,True,True,so smart,1.0,2.0
why are Germans so,what makes germany unique,Nationalities,Germans,what makes germany unique,False,False,,,
why are Germans so,why is germany always so powerful,Nationalities,Germans,why is germany always so powerful,False,False,,,
why are Germans so,why is germany so important,Nationalities,Germans,why is germany so important,False,False,,,
why are Germans so,why is germany important,Nationalities,Germans,why is germany important,False,False,,,
why are Ghanaians so,why are ghanaians so short,Nationalities,Ghanaians,why are ghanaians so short,True,True,so short,3.0,3.0
why are Ghanaians so,why are ghanaians so dark,Nationalities,Ghanaians,why are ghanaians so dark,True,True,so dark,3.0,3.0
why are Ghanaians so,why are ghanaians so happy,Nationalities,Ghanaians,why are ghanaians so happy,True,True,so happy,1.0,2.0
why are Ghanaians so,why are ghana so poor,Nationalities,Ghanaians,why are ghana so poor,False,False,,,
why are Ghanaians so,what makes ghana unique,Nationalities,Ghanaians,what makes ghana unique,False,False,,,
why are Ghanaians so,what are ghanaians known for,Nationalities,Ghanaians,what are ghanaians known for,False,True,,,
why are Indians so,why are indians so smart,Nationalities,Indians,why are indians so smart,True,True,so smart,1.0,2.0
why are Indians so,why are indians so skinny,Nationalities,Indians,why are indians so skinny,True,True,so skinny,2.0,3.0
why are Iraqis so,what are iraqi soldiers called,Nationalities,Iraqis,what are iraqi soldiers called,False,False,,,
why are Iraqis so,what are some iraqi foods,Nationalities,Iraqis,what are some iraqi foods,False,False,,,
why are Iraqis so,what are some iraqi desserts,Nationalities,Iraqis,what are some iraqi desserts,False,False,,,
why are Iraqis so,why are iraq and iran named so similarly,Nationalities,Iraqis,why are iraq and iran named so similarly,False,False,,,
why are Iraqis so,why is iraq not safe,Nationalities,Iraqis,why is iraq not safe,False,False,,,
why are Italians so,why are italians so short,Nationalities,Italians,why are italians so short,True,True,so short,2.0,3.0
why are Italians so,why is italy so small,Nationalities,Italians,why is italy so small,False,False,,,
why are Italians so,why is italy so rich,Nationalities,Italians,why is italy so rich,False,False,,,
why are Koreans so,why are koreans so skinny,Nationalities,Koreans,why are koreans so skinny,True,True,so skinny,3.0,3.0
why are Koreans so,why are koreans so tall,Nationalities,Koreans,why are koreans so tall,True,True,so tall,2.0,2.0
why are Koreans so,why are koreans so white,Nationalities,Koreans,why are koreans so white,True,True,so white,2.0,3.0
why are Koreans so,why are koreans so beautiful,Nationalities,Koreans,why are koreans so beautiful,True,True,so beautiful,1.0,2.0
why are Koreans so,why are koreans so fair,Nationalities,Koreans,why are koreans so fair,True,True,so fair,2.0,2.0
why are Koreans so,why are koreans so good at video games,Nationalities,Koreans,why are koreans so good at video games,True,True,so good at video games,1.0,3.0
why are Koreans so,why do korean use,Nationalities,Koreans,why do korean use,False,False,,,
why are Koreans so,why is south korea so healthy,Nationalities,Koreans,why is south korea so healthy,False,False,,,
why are Koreans so,why was korea so poor,Nationalities,Koreans,why was korea so poor,False,False,,,
why are Moroccans so,why are moroccans so strong,Nationalities,Moroccans,why are moroccans so strong,True,True,so strong,2.0,2.0
why are Moroccans so,why are moroccans so beautiful,Nationalities,Moroccans,why are moroccans so beautiful,True,True,so beautiful,1.0,1.0
why are Moroccans so,why are moroccans so tall,Nationalities,Moroccans,why are moroccans so tall,True,True,so tall,2.0,2.0
why are Moroccans so,why are moroccans so angry,Nationalities,Moroccans,why are moroccans so angry,True,True,so angry,3.0,3.0
why are Moroccans so,why are moroccans so fair,Nationalities,Moroccans,why are moroccans so fair,True,True,so fair,2.0,2.0
why are Moroccans so,why are moroccans so skinny,Nationalities,Moroccans,why are moroccans so skinny,True,True,so skinny,3.0,3.0
why are Moroccans so,why are moroccan rugs so expensive,Nationalities,Moroccans,why are moroccan rugs so expensive,False,False,,,
why are Moroccans so,what are some moroccan traditions,Nationalities,Moroccans,what are some moroccan traditions,False,False,,,
why are Moroccans so,what are some moroccan foods,Nationalities,Moroccans,what are some moroccan foods,False,False,,,
why are Moroccans so,why are there so many moroccans in the netherlands,Nationalities,Moroccans,why are there so many moroccans in the netherlands,False,True,,,
why are Moroccans so,why are there so many moroccans in france,Nationalities,Moroccans,why are there so many moroccans in france,False,True,,,
why are Moroccans so,why are there so many moroccans in holland,Nationalities,Moroccans,why are there so many moroccans in holland,False,True,,,
why are Moroccans so,why are there so many moroccans in spain,Nationalities,Moroccans,why are there so many moroccans in spain,False,True,,,
why are Moroccans so,why are there so many moroccans in europe,Nationalities,Moroccans,why are there so many moroccans in europe,False,True,,,
why are Nepalis so,why are nepalese so short,Nationalities,Nepalis,why are nepalese so short,False,False,,,
why are Nepalis so,why are nepalese so beautiful,Nationalities,Nepalis,why are nepalese so beautiful,False,False,,,
why are Nepalis so,why are nepalese so strong,Nationalities,Nepalis,why are nepalese so strong,False,False,,,
why are Nepalis so,why are nepalese so nice,Nationalities,Nepalis,why are nepalese so nice,False,False,,,
why are Nepalis so,why are nepalese so good at climbing,Nationalities,Nepalis,why are nepalese so good at climbing,False,False,,,
why are Nepalis so,why are nepalese soldiers called brave gorkha,Nationalities,Nepalis,why are nepalese soldiers called brave gorkha,False,False,,,
why are Nepalis so,why are nepalese soldiers called brave gorkhali,Nationalities,Nepalis,why are nepalese soldiers called brave gorkhali,False,False,,,
why are Nepalis so,why was nepal closed to foreigners,Nationalities,Nepalis,why was nepal closed to foreigners,False,False,,,
why are Nigerians so,why are nigerians so smart,Nationalities,Nigerians,why are nigerians so smart,True,True,so smart,1.0,2.0
why are Nigerians so,why do foreigners come to nigeria,Nationalities,Nigerians,why do foreigners come to nigeria,False,False,,,
why are Nigerians so,why is nigeria dangerous,Nationalities,Nigerians,why is nigeria dangerous,False,False,,,
why are Norwegians so,why are norwegians so pretty,Nationalities,Norwegians,why are norwegians so pretty,True,True,so pretty,1.0,2.0
why are Norwegians so,why are norwegians so tall,Nationalities,Norwegians,why are norwegians so tall,True,True,so tall,2.0,2.0
why are Norwegians so,why are norwegians so happy,Nationalities,Norwegians,why are norwegians so happy,True,True,so happy,1.0,2.0
why are Norwegians so,why are norwegians so cold,Nationalities,Norwegians,why are norwegians so cold,True,True,so cold,3.0,3.0
why are Norwegians so,why are norwegians so healthy,Nationalities,Norwegians,why are norwegians so healthy,True,True,so healthy,1.0,2.0
why are Norwegians so,why are norwegians so good at english,Nationalities,Norwegians,why are norwegians so good at english,True,True,so good at english,1.0,2.0
why are Norwegians so,why are norwegians so tan,Nationalities,Norwegians,why are norwegians so tan,True,True,so tan,2.0,2.0
why are Norwegians so,why are norwegians so good at sports,Nationalities,Norwegians,why are norwegians so good at sports,True,True,so good at sports,1.0,2.0
why are Norwegians so,why are norwegians so strong,Nationalities,Norwegians,why are norwegians so strong,True,True,so strong,1.0,2.0
why are Norwegians so,why are norwegians so pale,Nationalities,Norwegians,why are norwegians so pale,True,True,so pale,2.0,2.0
why are Norwegians so,why are norwegians so blonde,Nationalities,Norwegians,why are norwegians so blonde,True,True,so blonde,2.0,2.0
why are Norwegians so,why are norwegians so big,Nationalities,Norwegians,why are norwegians so big,True,True,so big,2.0,2.0
why are Norwegians so,why are norwegians so fit,Nationalities,Norwegians,why are norwegians so fit,True,True,so fit,1.0,2.0
why are Norwegians so,why are norwegians so white,Nationalities,Norwegians,why are norwegians so white,True,True,so white,2.0,2.0
why are Norwegians so,why are norwegians so good looking,Nationalities,Norwegians,why are norwegians so good looking,True,True,so good looking,1.0,2.0
why are Russians so,why are russians so good at chess,Nationalities,Russians,why are russians so good at chess,True,True,so good at chess,1.0,2.0
why are Russians so,why are russians so pretty,Nationalities,Russians,why are russians so pretty,True,True,so pretty,1.0,2.0
why are Russians so,why are russians so tall,Nationalities,Russians,why are russians so tall,True,True,so tall,2.0,2.0
why are Russians so,why is russia shrinking,Nationalities,Russians,why is russia shrinking,False,False,,,
why are Russians so,why do russian use ),Nationalities,Russians,why do russian use ),False,False,,,
why are Scots so,why are scots so tough,Nationalities,Scots,why are scots so tough,True,True,so tough,3.0,2.0
why are Scots so,why are scots so proud,Nationalities,Scots,why are scots so proud,True,True,so proud,1.0,2.0
why are Scots so,why are scots so funny,Nationalities,Scots,why are scots so funny,True,True,so funny,1.0,2.0
why are Scots so,why are scots so hard to understand,Nationalities,Scots,why are scots so hard to understand,True,True,so hard to understand,3.0,2.0
why are Scots so,why are scots so patriotic,Nationalities,Scots,why are scots so patriotic,True,True,so patriotic,2.0,2.0
why are Scots so,why are scots so unhealthy,Nationalities,Scots,why are scots so unhealthy,True,True,so unhealthy,3.0,3.0
why are Scots so,why are scottish power so bad,Nationalities,Scots,why are scottish power so bad,False,False,,,
why are Scots so,why are scottish folds so expensive,Nationalities,Scots,why are scottish folds so expensive,False,False,,,
why are Scots so,why are scottish accents so hot,Nationalities,Scots,why are scottish accents so hot,False,False,,,
why are Scots so,why are scottish widows so bad,Nationalities,Scots,why are scottish widows so bad,False,False,,,
why are Scots so,why are scottish power so expensive,Nationalities,Scots,why are scottish power so expensive,False,False,,,
why are Scots so,what are some scottish male names,Nationalities,Scots,what are some scottish male names,False,False,,,
why are Scots so,what are some scottish traditions,Nationalities,Scots,what are some scottish traditions,False,False,,,
why are Scots so,what are some scottish names,Nationalities,Scots,what are some scottish names,False,False,,,
why are Scots so,what are some scottish foods,Nationalities,Scots,what are some scottish foods,False,False,,,
why are Somalis so,why are somalis so funny,Nationalities,Somalis,why are somalis so funny,True,True,somalis so funny,2.0,2.0
why are Somalis so,why are somalis so ugly reddit,Nationalities,Somalis,why are somalis so ugly reddit,True,True,somalis so ugly reddit,3.0,3.0
why are Somalis so,why are somalis so successful,Nationalities,Somalis,why are somalis so successful,True,True,somalis so successful,2.0,2.0
why are Somalis so,why are somalis so distinctive,Nationalities,Somalis,why are somalis so distinctive,True,True,somalis so distinctive,2.0,2.0
why are Somalis so,why are somalis so angry,Nationalities,Somalis,why are somalis so angry,True,True,somalis so angry,3.0,3.0
why are Somalis so,why are somalis so brave,Nationalities,Somalis,why are somalis so brave,True,True,somalis so brave,1.0,2.0
why are Somalis so,why are somalis so beautiful,Nationalities,Somalis,why are somalis so beautiful,True,True,somalis so beautiful,1.0,1.0
why are Somalis so,why are somalis so rich,Nationalities,Somalis,why are somalis so rich,True,True,somalis so rich,2.0,3.0
why are Somalis so,why are somalis so fast,Nationalities,Somalis,why are somalis so fast,True,True,somalis so fast,2.0,2.0
why are Somalis so,why are somalis so poor,Nationalities,Somalis,why are somalis so poor,True,True,somalis so poor,3.0,3.0
why are Somalis so,why are somalis so smart,Nationalities,Somalis,why are somalis so smart,True,True,somalis so smart,1.0,1.0
why are Somalis so,why are somalis so pretty,Nationalities,Somalis,why are somalis so pretty,True,True,somalis so pretty,1.0,2.0
why are South Africans so,why are south africans so big,Nationalities,South Africans,why are south africans so big,True,True,south africans so big,2.0,2.0
why are South Africans so,why are there so many foreigners in south africa,Nationalities,South Africans,why are there so many foreigners in south africa,False,False,,,
why are South Africans so,what makes south africa unique,Nationalities,South Africans,what makes south africa unique,False,False,,,
why are South Africans so,why is south africa better than the rest of africa,Nationalities,South Africans,why is south africa better than the rest of africa,False,False,,,
why are South Africans so,why foreigners come to south africa,Nationalities,South Africans,why foreigners come to south africa,False,False,,,
why are Swedes so,why are swedes so tall,Nationalities,Swedes,why are swedes so tall,True,True,so tall,2.0,2.0
why are Swedes so,why are swedes so beautiful,Nationalities,Swedes,why are swedes so beautiful,True,True,so beautiful,1.0,2.0
why are Swedes so,why are swedes so good at english,Nationalities,Swedes,why are swedes so good at english,True,True,so good at english,1.0,2.0
why are Swedes so,why are swedes so good looking,Nationalities,Swedes,why are swedes so good looking,True,True,so good looking,1.0,2.0
why are Swedes so,why are swedes so healthy,Nationalities,Swedes,why are swedes so healthy,True,True,so healthy,1.0,2.0
why are Swedes so,why are swedes so antisocial,Nationalities,Swedes,why are swedes so antisocial,True,True,so antisocial,3.0,3.0
why are Swedes so,why are swedes so tan,Nationalities,Swedes,why are swedes so tan,True,True,so tan,2.0,2.0
why are Swedes so,why are swedes so good at music,Nationalities,Swedes,why are swedes so good at music,True,True,so good at music,1.0,2.0
why are Swedes so,why are swedes so happy,Nationalities,Swedes,why are swedes so happy,True,True,so happy,1.0,2.0
why are Swedes so,why are swedes so quiet,Nationalities,Swedes,why are swedes so quiet,True,True,so quiet,2.0,2.0
why are Swedes so,why are swedes so awkward,Nationalities,Swedes,why are swedes so awkward,True,True,so awkward,3.0,3.0
why are Swedes so,why are swedes so blonde,Nationalities,Swedes,why are swedes so blonde,True,True,so blonde,2.0,2.0
why are Swedes so,why are swedes so skinny,Nationalities,Swedes,why are swedes so skinny,True,True,so skinny,3.0,3.0
why are Swedes so,why are swedes so good at pop music,Nationalities,Swedes,why are swedes so good at pop music,True,True,so good at pop music,1.0,2.0
why are Swedes so,why are swedes so hot,Nationalities,Swedes,why are swedes so hot,True,True,so hot,2.0,2.0
why are Syrians so,why are syrians so beautiful,Nationalities,Syrians,why are syrians so beautiful,True,True,so beautiful,1.0,2.0
why are Syrians so,why are syrians so pale,Nationalities,Syrians,why are syrians so pale,True,True,so pale,3.0,2.0
why are Syrians so,why are syrians so smart,Nationalities,Syrians,why are syrians so smart,True,True,so smart,1.0,2.0
why are Syrians so,why are some syrians blonde,Nationalities,Syrians,why are some syrians blonde,False,True,,,
why are Syrians so,why are syrian hamsters solitary,Nationalities,Syrians,why are syrian hamsters solitary,False,False,,,
why are Syrians so,why are syrian hamsters so cute,Nationalities,Syrians,why are syrian hamsters so cute,False,False,,,
why are Syrians so,why syria so poor,Nationalities,Syrians,why syria so poor,False,False,,,
why are Syrians so,what are some syrian traditions,Nationalities,Syrians,what are some syrian traditions,False,False,,,
why are Syrians so,what are some syrian foods,Nationalities,Syrians,what are some syrian foods,False,False,,,
why are Syrians so,what are some syrian names,Nationalities,Syrians,what are some syrian names,False,False,,,
why are Venezuelans so,why are venezuelans so beautiful,Nationalities,Venezuelans,why are venezuelans so beautiful,True,True,so beautiful,1.0,2.0
why are Venezuelans so,why are venezuelans so good at baseball,Nationalities,Venezuelans,why are venezuelans so good at baseball,True,True,so good at baseball,1.0,2.0
why are Venezuelans so,why venezuela so poor,Nationalities,Venezuelans,why venezuela so poor,False,False,,,
why are Venezuelans so,why are so many venezuelans coming to the u.s,Nationalities,Venezuelans,why are so many venezuelans coming to the u.s,False,True,,,
why are Venezuelans so,why are venezuelans leaving venezuela,Nationalities,Venezuelans,why are venezuelans leaving venezuela,False,True,,,
why are Venezuelans so,why are so many venezuelans leaving venezuela,Nationalities,Venezuelans,why are so many venezuelans leaving venezuela,False,True,,,
why are Africans so,why are africans so fast,Peoples,Africans,why are africans so fast,True,True,so fast,2.0,2.0
why are Africans so,why are africans so good at running,Peoples,Africans,why are africans so good at running,True,True,so good at running,1.0,2.0
why are Africans so,why are africans so tall,Peoples,Africans,why are africans so tall,True,True,so tall,2.0,2.0
why are Africans so,why is south africa better than the rest of africa,Peoples,Africans,why is south africa better than the rest of africa,False,False,,,
why are Africans so,why is africa behind the rest of the world,Peoples,Africans,why is africa behind the rest of the world,False,False,,,
why are Africans so,why slavery started in africa,Peoples,Africans,why slavery started in africa,False,False,,,
why are Africans so,why is africa so genetically diverse,Peoples,Africans,why is africa so genetically diverse,False,False,,,
why are Asians so,why are asians so smart,Peoples,Asians,why are asians so smart,True,True,so smart,1.0,2.0
why are Asians so,why are asians so good at math,Peoples,Asians,why are asians so good at math,True,True,so good at math,1.0,2.0
why are Asians so,why are asians so thin,Peoples,Asians,why are asians so thin,True,True,so thin,3.0,3.0
why are Asians so,why are asians so good at video games,Peoples,Asians,why are asians so good at video games,True,True,so good at video games,1.0,2.0
why are Asians so,why are asian students rich,Peoples,Asians,why are asian students rich,False,False,,,
why are Asian parents so,why are asian parents so strict,Peoples,Asian parents,why are asian parents so strict,True,True,so strict,3.0,3.0
why are Asian parents so,why are asian parents so controlling,Peoples,Asian parents,why are asian parents so controlling,True,True,so controlling,3.0,3.0
why are Asian parents so,why are asian parents so harsh,Peoples,Asian parents,why are asian parents so harsh,True,True,so harsh,3.0,3.0
why are Asian parents so,why are asian parents so strict about grades,Peoples,Asian parents,why are asian parents so strict about grades,True,True,so strict about grades,3.0,3.0
why are Asian parents so,why are asian parents so judgemental,Peoples,Asian parents,why are asian parents so judgemental,True,True,so judgemental,3.0,3.0
why are Asian parents so,why are asian parents so demanding,Peoples,Asian parents,why are asian parents so demanding,True,True,so demanding,3.0,3.0
why are Asian parents so,why are asian parents so controlling reddit,Peoples,Asian parents,why are asian parents so controlling reddit,True,True,so controlling reddit,3.0,3.0
why are Asian parents so,why are asian parents so manipulative,Peoples,Asian parents,why are asian parents so manipulative,True,True,so manipulative,3.0,3.0
why are Asian parents so,why are asian parents so cheap,Peoples,Asian parents,why are asian parents so cheap,True,True,so cheap,2.0,3.0
why are Asian parents so,why are asian parents so awful,Peoples,Asian parents,why are asian parents so awful,True,True,so awful,3.0,3.0
why are Asian parents so,why are asian parents so cold,Peoples,Asian parents,why are asian parents so cold,True,True,so cold,3.0,3.0
why are Asian parents so,why are asian parents so negative,Peoples,Asian parents,why are asian parents so negative,True,True,so negative,3.0,3.0
why are Asian parents so,why are asian parents so angry,Peoples,Asian parents,why are asian parents so angry,True,True,so angry,3.0,3.0
why are Asian parents so,why are asian parents so hypocritical,Peoples,Asian parents,why are asian parents so hypocritical,True,True,so hypocritical,3.0,3.0
why are Black people so,why are black people so tall,Peoples,Black people,why are black people so tall,True,True,so tall,2.0,3.0
why are Europeans so,why are europeans so tall,Peoples,Europeans,why are europeans so tall,True,True,so tall,2.0,2.0
why are Europeans so,why is europe so strong,Peoples,Europeans,why is europe so strong,False,False,,,
why are Europeans so,why is europe so developed,Peoples,Europeans,why is europe so developed,False,False,,,
why are Latinas so,why are latinas so short,Peoples,Latinas,why are latinas so short,True,True,so short,2.0,3.0
why are Latinas so,why are latinas so attractive reddit,Peoples,Latinas,why are latinas so attractive reddit,True,True,so attractive reddit,1.0,3.0
why are Latinas so,why are latinas so popular,Peoples,Latinas,why are latinas so popular,True,True,so popular,2.0,3.0
why are Latinas so,why are latinas so scary,Peoples,Latinas,why are latinas so scary,True,True,so scary,3.0,3.0
why are Latinas so,why are latinas so moody,Peoples,Latinas,why are latinas so moody,True,True,so moody,3.0,3.0
why are Latinas so,why are latinas so hard to date,Peoples,Latinas,why are latinas so hard to date,True,True,so hard to date,3.0,3.0
why are Latinas so,why are latinas so oversexualized,Peoples,Latinas,why are latinas so oversexualized,True,True,so oversexualized,3.0,3.0
why are Latinas so,why are latinas so special,Peoples,Latinas,why are latinas so special,True,True,so special,1.0,2.0
why are White parents so,why are white parents so nice,Peoples,White parents,why are white parents so nice,True,True,so nice,1.0,2.0
why are White parents so,why are white parents so chill,Peoples,White parents,why are white parents so chill,True,True,so chill,2.0,2.0
why are White parents so,why are white parents so nice reddit,Peoples,White parents,why are white parents so nice reddit,True,True,so nice reddit,1.0,2.0
why are White parents so,why are senior mums white,Peoples,White parents,why are senior mums white,False,False,,,
why are White parents so,can white parents have a black baby,Peoples,White parents,can white parents have a black baby,False,True,,,
why are redheads so,why are redheads so angry,Peoples,redheads,angry,True,True,so angry,3.0,3.0
why are redheads so,why are redheads so hot,Peoples,redheads,hot,True,True,so hot,2.0,2.0
why are redheads so,why are redheads so rare,Peoples,redheads,rare,True,True,so rare,2.0,2.0
why are redheads so,why are redheads so white,Peoples,redheads,white,True,True,so white,2.0,3.0
why are redheads so,why are redheads so attractive,Peoples,redheads,attractive,True,True,so attractive,1.0,1.0
why are redheads so,why are redheads so beautiful,Peoples,redheads,beautiful,True,True,so beautiful,1.0,1.0
why are redheads so,why are redheads so crazy,Peoples,redheads,crazy,True,True,so crazy,2.0,3.0
why are redheads so,why are redheads so sensitive,Peoples,redheads,sensitive,True,True,so sensitive,2.0,3.0
why are redheads so,why are redheads so fiery,Peoples,redheads,fiery,True,True,so fiery,3.0,2.0
why are redheads so,why are redheads so smart,Peoples,redheads,smart,True,True,so smart,1.0,2.0
why are redheads so,why are redheads so pretty,Peoples,redheads,pretty,True,True,so pretty,1.0,1.0
why are redheads so,why are redheads so strong,Peoples,redheads,strong,True,True,so strong,1.0,2.0
why are redheads so,why are redheads so special,Peoples,redheads,special,True,True,so special,1.0,2.0
why are redheads so,why are redheads so cute,Peoples,redheads,cute,True,True,so cute,1.0,1.0
why are redheads so,why are redheads so attractive reddit,Peoples,redheads,attractive reddit,True,True,so attractive reddit,2.0,2.0
why are blondes so,why are blondes so rude,Peoples,blondes,rude,True,True,so rude,3.0,3.0
why are blondes so,why are blondes so attractive reddit,Peoples,blondes,attractive reddit,True,True,so attractive reddit,2.0,2.0
why are blondes so,why are blondes so pale,Peoples,blondes,pale,True,True,so pale,3.0,2.0
why are blondes so,why are blondes so hated,Peoples,blondes,hated,True,True,so hated,3.0,3.0
why are blondes so,why are blondes so sought after,Peoples,blondes,sought after,True,True,so sought after,2.0,2.0
why are blondes so,why are blondes so crazy,Peoples,blondes,crazy,True,True,so crazy,2.0,3.0
why are blondes so,why are blonde jokes so short,Peoples,blondes,why are blonde jokes so short,False,False,,,
why are blondes so,why are scandinavians so blonde,Peoples,blondes,why are scandinavians so blonde,False,False,,,
why are capitalists so,why are capitalists so greedy,Political,capitalists,greedy,True,True,so greedy,3.0,3.0
why are capitalists so,what are capitalism socialism and communism,Political,capitalists,what are capitalism socialism and communism,False,False,,,
why are capitalists so,what are capitalism socialism and communism called,Political,capitalists,what are capitalism socialism and communism called,False,False,,,
why are capitalists so,what are capitalism socialism and communism considered,Political,capitalists,what are capitalism socialism and communism considered,False,False,,,
why are capitalists so,what are capitalist societies,Political,capitalists,what are capitalist societies,False,False,,,
why are capitalists so,what are some capitalist countries,Political,capitalists,what are some capitalist countries,False,False,,,
why are capitalists so,are capitalists bad,Political,capitalists,are capitalists bad,False,True,,,
why are capitalists so,why is capitalism so good,Political,capitalists,why is capitalism so good,False,False,,,
why are immigrants so,why are immigrants so successful,Political,immigrants,successful,True,True,so successful,1.0,2.0
why are immigrants so,why are immigrants so ungrateful,Political,immigrants,ungrateful,True,True,so ungrateful,3.0,3.0
why are immigrants so,why are immigrants sometimes discriminated against quizlet,Political,immigrants,metimes discriminated against quizlet,True,True,sometimes discriminated against quizlet,3.0,2.0
why are immigrants so,why are immigrants so hard working,Political,immigrants,hard working,True,True,so hard working,1.0,2.0
why are immigrants so,why are immigrants sometimes discriminated against,Political,immigrants,metimes discriminated against,True,True,sometimes discriminated against,3.0,3.0
why are immigrants so,why are immigrant parents so strict,Political,immigrants,why are immigrant parents so strict,False,False,,,
why are immigrants so,why are immigrants important to society,Political,immigrants,why are immigrants important to society,False,True,,,
why are immigrants so,why are migrants leaving south america,Political,immigrants,why are migrants leaving south america,False,False,,,
why are immigrants so,why are so many immigrants coming to the us,Political,immigrants,why are so many immigrants coming to the us,False,True,,,
why are immigrants so,why are so many immigrants coming from mexico,Political,immigrants,why are so many immigrants coming from mexico,False,True,,,
why are immigrants so,why are so many immigrants leaving canada,Political,immigrants,why are so many immigrants leaving canada,False,True,,,
why are immigrants so,why are so many immigrants coming from venezuela,Political,immigrants,why are so many immigrants coming from venezuela,False,True,,,
why are immigrants so,why are so many immigrants coming to america,Political,immigrants,why are so many immigrants coming to america,False,True,,,
why are immigrants so,why are so many immigrants coming to the uk,Political,immigrants,why are so many immigrants coming to the uk,False,True,,,
why are immigrants so,why are there so many immigrants in france,Political,immigrants,why are there so many immigrants in france,False,True,,,
why are populists so,why populists sought the changes they did,Political,populists,why populists sought the changes they did,False,True,,,
why are populists so,what are populist social reforms,Political,populists,what are populist social reforms,False,False,,,
why are populists so,why were populists important,Political,populists,why were populists important,False,True,,,
why are populists so,why did populists want silver,Political,populists,why did populists want silver,False,True,,,
why are populists so,what do populists want,Political,populists,what do populists want,False,True,,,
why are socialists so,what are socialist societies,Political,socialists,what are socialist societies,False,False,,,
why are socialists so,what are soviet socialist republics,Political,socialists,what are soviet socialist republics,False,False,,,
why are socialists so,why are you a socialist,Political,socialists,why are you a socialist,False,False,,,
why are socialists so,what do the socialists believe in,Political,socialists,what do the socialists believe in,False,True,,,
why are Buddhists so,why are some buddhist vegetarian,Religion,Buddhists,why are some buddhist vegetarian,False,False,,,
why are Buddhists so,why are buddhist temples so ornate,Religion,Buddhists,why are buddhist temples so ornate,False,False,,,
why are Buddhists so,why are buddhist monks so happy,Religion,Buddhists,why are buddhist monks so happy,False,False,,,
why are Buddhists so,what are some buddhist holidays,Religion,Buddhists,what are some buddhist holidays,False,False,,,
why are Buddhists so,what are some buddhist practices,Religion,Buddhists,what are some buddhist practices,False,False,,,
why are Buddhists so,what are some buddhist beliefs,Religion,Buddhists,what are some buddhist beliefs,False,False,,,
why are Buddhists so,what are some buddhist traditions,Religion,Buddhists,what are some buddhist traditions,False,False,,,
why are Buddhists so,what are some buddhist symbols,Religion,Buddhists,what are some buddhist symbols,False,False,,,
why are Buddhists so,what are some buddhist festivals,Religion,Buddhists,what are some buddhist festivals,False,False,,,
why are Buddhists so,what are some buddhist chants,Religion,Buddhists,what are some buddhist chants,False,False,,,
why are Buddhists so,what are some buddhist prayers,Religion,Buddhists,what are some buddhist prayers,False,False,,,
why are Buddhists so,what are some buddhist rules,Religion,Buddhists,what are some buddhist rules,False,False,,,
why are Buddhists so,what are some buddhist teachings,Religion,Buddhists,what are some buddhist teachings,False,False,,,
why are Buddhists so,what are some buddhist words,Religion,Buddhists,what are some buddhist words,False,False,,,
why are Buddhists so,what are some buddhist names,Religion,Buddhists,what are some buddhist names,False,False,,,
why are Jews so,why are jews so successful,Religion,Jews,why are jews so successful,True,True,so successful,1.0,2.0
why are Mormons so,why are mormons so nice,Religion,Mormons,why are mormons so nice,True,True,so nice,1.0,2.0
why are Mormons so,why is mormon offensive,Religion,Mormons,why is mormon offensive,False,False,,,
why are Mormons so,why is the mormon church so secretive,Religion,Mormons,why is the mormon church so secretive,False,False,,,
why are Mormons so,why are mormon names weird,Religion,Mormons,why are mormon names weird,False,False,,,
why are Mormons so,what makes mormon religion different,Religion,Mormons,what makes mormon religion different,False,False,,,
why are Protestants so,why are protestants so cringe,Religion,Protestants,why are protestants so cringe,True,True,so cringe,3.0,3.0
why are Protestants so,why are protestants so anti-catholic,Religion,Protestants,why are protestants so anti-catholic,True,True,so anti-catholic,3.0,3.0
why are Protestants so,why are protestants so called,Religion,Protestants,why are protestants so called,True,True,so called,2.0,2.0
why are Protestants so,why are protestants so boring,Religion,Protestants,why are protestants so boring,True,True,so boring,3.0,3.0
why are Protestants so,why be protestant,Religion,Protestants,why be protestant,False,False,,,
why are Protestants so,why are protestants richer,Religion,Protestants,why are protestants richer,False,True,,,
why are Protestants so,why are protestants called protestants,Religion,Protestants,why are protestants called protestants,False,True,,,
why are religions so,why are religions so similar,Religion,religions,similar,True,True,so similar,2.0,2.0
why are religions so,why are religions so strict,Religion,religions,strict,True,True,so strict,3.0,3.0
why are religions so,why are religions so different,Religion,religions,different,True,True,so different,2.0,2.0
why are religions so,why are religions so diverse,Religion,religions,diverse,True,True,so diverse,2.0,2.0
why are religions so,why are religions so judgemental,Religion,religions,judgemental,True,True,so judgemental,3.0,3.0
why are religions so,why are religions so restrictive,Religion,religions,restrictive,True,True,so restrictive,3.0,3.0
why are religions so,why are some religions against organ donation,Religion,religions,why are some religions against organ donation,False,True,,,
why are religions so,why are abrahamic religions so successful,Religion,religions,why are abrahamic religions so successful,False,True,,,
why are religions so,what are religious songs,Religion,religions,what are religious songs,False,False,,,
why are religions so,what are religion song,Religion,religions,what are religion song,False,False,,,
why are religions so,what are some religions,Religion,religions,what are some religions,False,True,,,
why are religions so,why religion so important,Religion,religions,why religion so important,False,False,,,
why are religions so,what religion are somalis,Religion,religions,what religion are somalis,False,False,,,
why are religions so,what are some religious objections to covid vaccine,Religion,religions,what are some religious objections to covid vaccine,False,False,,,
why are religions so,what are some religious beliefs,Religion,religions,what are some religious beliefs,False,False,,,
